first_name,last_name,position,injury_status,week,game_date,slate,team,opp,spread,over_under,implied_team_score,salary,L5_dvp_rank,L5_fppg_avg,L10_fppg_avg,szn_fppg_avg,ppg_projection,value_projection,ownership_projection
Jahmyr,Gibbs,RB,,3,2026-09-27,Thu-Mon,DET,NYJ,-6.5,47.5,27,8800,3,22.3,25.1,30.5,24.9,2.83,
Jaxon,Smith-Njigba,WR,,3,2026-09-27,Thu-Mon,SEA,WAS,-6.5,40.5,23.5,8600,25,25.3,23.0,37.4,23.8,2.77,
Josh,Allen,QB,,3,2026-09-27,Thu-Mon,BUF,LAC,-7.5,50.5,29,8000,21,32.0,25.7,39.7,23.5,2.94,
Lamar,Jackson,QB,,3,2026-09-27,Thu-Mon,BAL,DAL,-3.5,52.5,28,7500,27,17.3,14.9,22.4,22.9,3.06,
Bijan,Robinson,RB,,3,2026-09-24,Thu-Mon,ATL,GB,+6.5,43.5,18.5,8700,20,24.5,24.5,21.2,22.6,2.60,
Christian,McCaffrey,RB,,3,2026-09-27,Thu-Mon,SF,ARI,-8.5,47.5,28,8300,4,18.0,21.7,18.2,21.7,2.61,
Brock,Purdy,QB,,3,2026-09-27,Thu-Mon,SF,ARI,-8.5,47.5,28,6500,18,16.6,21.0,25.3,21.0,3.23,
Kenneth,Walker III,RB,,3,2026-09-27,Thu-Mon,KC,MIA,-11.5,45.5,28.5,7400,31,28.9,20.5,32.0,20.7,2.79,
Jonathan,Taylor,RB,,3,2026-09-27,Thu-Mon,IND,HOU,+2.5,42.5,20,7600,2,19.1,19.7,27.7,20.2,2.65,
Patrick,Mahomes,QB,,3,2026-09-27,Thu-Mon,KC,MIA,-11.5,45.5,28.5,6200,24,21.5,20.6,27.3,20.2,3.26,
Jalen,Hurts,QB,,3,2026-09-28,Thu-Mon,PHI,CHI,-4.5,42.5,23.5,6800,25,16.7,17.5,21.4,19.7,2.89,
Amon-Ra,St. Brown,WR,,3,2026-09-27,Thu-Mon,DET,NYJ,-6.5,47.5,27,7900,10,23.8,21.8,33.5,19.6,2.48,
Dak,Prescott,QB,,3,2026-09-27,Thu-Mon,DAL,BAL,+3.5,52.5,24.5,6700,13,18.3,20.8,22.6,19.5,2.90,
Derrick,Henry,RB,,3,2026-09-27,Thu-Mon,BAL,DAL,-3.5,52.5,28,7700,23,29.4,23.5,28.0,19.5,2.53,
Drake,Maye,QB,,3,2026-09-27,Thu-Mon,NE,JAX,+2.5,45.5,21.5,6100,11,15.1,19.3,10.9,19.4,3.17,
Trevor,Lawrence,QB,,3,2026-09-27,Thu-Mon,JAX,NE,-2.5,45.5,24,5700,3,20.4,24.3,16.6,19.3,3.39,
Justin,Herbert,QB,,3,2026-09-27,Thu-Mon,LAC,BUF,+7.5,50.5,21.5,5800,28,16.9,14.3,12.1,18.5,3.18,
Jared,Goff,QB,,3,2026-09-27,Thu-Mon,DET,NYJ,-6.5,47.5,27,6300,6,21.0,20.5,24.6,18.4,2.92,
Joe,Burrow,QB,,3,2026-09-27,Thu-Mon,CIN,PIT,-3.5,42.5,23,6600,1,21.8,17.7,15.7,18.4,2.79,
Bo,Nix,QB,,3,2026-09-27,Thu-Mon,DEN,LAR,+2.5,45.5,21.5,5500,7,15.7,18.0,11.3,18.3,3.33,
Ja'Marr,Chase,WR,,3,2026-09-27,Thu-Mon,CIN,PIT,-3.5,42.5,23,8100,2,20.2,18.5,14.9,18.3,2.26,
Jordan,Love,QB,,3,2026-09-24,Thu-Mon,GB,ATL,-6.5,43.5,25,5700,19,18.2,17.1,19.1,17.9,3.14,
Bryce,Young,QB,,3,2026-09-27,Thu-Mon,CAR,CLE,-2.5,42.5,22.5,5600,22,21.8,21.0,29.8,17.6,3.15,
CeeDee,Lamb,WR,,3,2026-09-27,Thu-Mon,DAL,BAL,+3.5,52.5,24.5,7800,17,15.2,17.3,26.9,17.6,2.26,
Matthew,Stafford,QB,,3,2026-09-27,Thu-Mon,LAR,DEN,-2.5,45.5,24,5900,10,20.8,22.9,18.0,17.4,2.94,
Justin,Jefferson,WR,,3,2026-09-27,Thu-Mon,MIN,TB,-1.5,42.5,22,7500,8,16.5,11.2,19.9,17.4,2.32,
James,Cook III,RB,,3,2026-09-27,Thu-Mon,BUF,LAC,-7.5,50.5,29,6900,10,12.1,16.8,16.9,17.2,2.49,
Javonte,Williams,RB,,3,2026-09-27,Thu-Mon,DAL,BAL,+3.5,52.5,24.5,6700,19,13.0,12.7,16.1,17.2,2.56,
De'Von,Achane,RB,,3,2026-09-27,Thu-Mon,MIA,KC,+11.5,45.5,17,6500,17,14.8,19.8,11.5,17.2,2.64,
Puka,Nacua,WR,Q,3,2026-09-27,Thu-Mon,LAR,DEN,-2.5,45.5,24,7700,4,24.4,27.0,12.4,16.7,2.16,
C.J.,Stroud,QB,,3,2026-09-27,Thu-Mon,HOU,IND,-2.5,42.5,22.5,5500,31,15.3,15.0,19.2,16.7,3.03,
Ashton,Jeanty,RB,,3,2026-09-27,Thu-Mon,LV,NO,+3.5,43.5,20,7100,28,20.5,16.3,23.0,16.7,2.35,
Saquon,Barkley,RB,,3,2026-09-28,Thu-Mon,PHI,CHI,-4.5,42.5,23.5,7000,24,12.4,13.0,6.0,16.6,2.37,
Tyler,Shough,QB,,3,2026-09-27,Thu-Mon,NO,LV,-3.5,43.5,23.5,5400,9,23.9,20.8,25.8,16.6,3.08,
Trey,McBride,TE,,3,2026-09-27,Thu-Mon,ARI,SF,+8.5,47.5,19.5,6700,3,17.3,20.7,21.3,16.6,2.48,
Baker,Mayfield,QB,,3,2026-09-27,Thu-Mon,TB,MIN,+1.5,42.5,20.5,5300,16,15.8,15.0,13.9,16.6,3.13,
Malik,Willis,QB,,3,2026-09-27,Thu-Mon,MIA,KC,+11.5,45.5,17,4900,4,15.3,9.7,15.1,16.4,3.34,
Chris,Olave,WR,,3,2026-09-27,Thu-Mon,NO,LV,-3.5,43.5,23.5,7200,5,28.6,21.3,26.9,16.3,2.26,
Chase,Brown,RB,,3,2026-09-27,Thu-Mon,CIN,PIT,-3.5,42.5,23,6600,26,22.8,20.4,15.0,16.3,2.46,
Breece,Hall,RB,,3,2026-09-27,Thu-Mon,NYJ,DET,+6.5,47.5,20.5,6400,22,15.0,13.8,18.5,15.9,2.49,
Jacoby,Brissett,QB,,3,2026-09-27,Thu-Mon,ARI,SF,+8.5,47.5,19.5,4800,2,13.9,18.4,12.0,15.8,3.30,
Drew,Lock,QB,,3,2026-09-27,Thu-Mon,SEA,WAS,-6.5,40.5,23.5,5200,29,6.9,12.1,17.1,15.7,3.02,
Garrett,Wilson,WR,,3,2026-09-27,Thu-Mon,NYJ,DET,+6.5,47.5,20.5,6300,31,10.8,13.9,15.3,15.5,2.46,
Omarion,Hampton,RB,,3,2026-09-27,Thu-Mon,LAC,BUF,+7.5,50.5,21.5,6800,27,12.8,15.5,13.9,15.4,2.26,
Kyren,Williams,RB,,3,2026-09-27,Thu-Mon,LAR,DEN,-2.5,45.5,24,6100,29,17.9,16.8,16.1,15.3,2.51,
David,Montgomery,RB,,3,2026-09-27,Thu-Mon,HOU,IND,-2.5,42.5,22.5,6000,30,9.4,9.5,16.7,15.3,2.54,
DeVonta,Smith,WR,,3,2026-09-28,Thu-Mon,PHI,CHI,-4.5,42.5,23.5,7100,14,13.3,12.2,19.5,15.2,2.14,
Zay,Flowers,WR,Q,3,2026-09-27,Thu-Mon,BAL,DAL,-3.5,52.5,28,6900,16,22.6,17.3,29.0,15.2,2.21,
Geno,Smith,QB,,3,2026-09-27,Thu-Mon,NYJ,DET,+6.5,47.5,20.5,4900,32,11.6,13.3,12.4,15.2,3.11,
George,Pickens,WR,,3,2026-09-27,Thu-Mon,DAL,BAL,+3.5,52.5,24.5,6600,17,11.7,15.5,7.9,15.1,2.29,
Daniel,Jones,QB,,3,2026-09-27,Thu-Mon,IND,HOU,+2.5,42.5,20,5000,30,11.4,16.6,11.2,15.0,3.01,
Chuba,Hubbard,RB,,3,2026-09-27,Thu-Mon,CAR,CLE,-2.5,42.5,22.5,6100,11,13.1,10.7,19.1,14.9,2.44,
Davante,Adams,WR,,3,2026-09-27,Thu-Mon,LAR,DEN,-2.5,45.5,24,6200,4,16.7,15.4,24.1,14.9,2.41,
Christian,Watson,WR,,3,2026-09-24,Thu-Mon,GB,ATL,-6.5,43.5,25,6400,19,18.3,17.1,24.9,14.9,2.32,
Parker,Washington,WR,,3,2026-09-27,Thu-Mon,JAX,NE,-2.5,45.5,24,6000,12,20.9,16.8,18.1,14.9,2.48,
Malik,Nabers,WR,Q,3,2026-09-27,Thu-Mon,NYG,TEN,-5.5,42.5,24,6500,28,12.4,16.9,7.0,14.8,2.28,
Bucky,Irving,RB,,3,2026-09-27,Thu-Mon,TB,MIN,+1.5,42.5,20.5,6300,5,12.1,14.4,17.2,14.8,2.35,
Kirk,Cousins,QB,,3,2026-09-27,Thu-Mon,LV,NO,+3.5,43.5,20,4800,12,15.2,14.1,18.5,14.5,3.01,
Aaron,Jones Sr.,RB,,3,2026-09-27,Thu-Mon,MIN,TB,-1.5,42.5,22,5900,16,11.9,10.8,11.8,14.5,2.45,
Cam,Ward,QB,,3,2026-09-27,Thu-Mon,TEN,NYG,+5.5,42.5,18.5,5100,26,15.4,14.8,15.9,14.4,2.82,
Aaron,Rodgers,QB,,3,2026-09-27,Thu-Mon,PIT,CIN,+3.5,42.5,19.5,5000,14,9.5,11.5,9.3,14.4,2.88,
Tetairoa,McMillan,WR,,3,2026-09-27,Thu-Mon,CAR,CLE,-2.5,42.5,22.5,6000,23,11.1,13.8,14.8,14.0,2.34,
Deshaun,Watson,QB,,3,2026-09-27,Thu-Mon,CLE,CAR,+2.5,42.5,20,4700,23,11.5,13.3,17.4,13.9,2.96,
Tee,Higgins,WR,,3,2026-09-27,Thu-Mon,CIN,PIT,-3.5,42.5,23,6100,2,13.3,16.4,11.7,13.9,2.28,
Kyler,Murray,QB,,3,2026-09-27,Thu-Mon,MIN,TB,-1.5,42.5,22,5100,15,12.8,16.4,0.6,13.9,2.73,
D'Andre,Swift,RB,,3,2026-09-28,Thu-Mon,CHI,PHI,+4.5,42.5,19,6200,13,16.0,16.8,24.7,13.8,2.23,
Cam,Skattebo,RB,,3,2026-09-27,Thu-Mon,NYG,TEN,-5.5,42.5,24,6200,21,16.6,15.2,11.8,13.6,2.20,
Jalen,Coker,WR,,3,2026-09-27,Thu-Mon,CAR,CLE,-2.5,42.5,22.5,5500,23,20.6,16.1,25.7,13.5,2.46,
Jaylen,Waddle,WR,,3,2026-09-27,Thu-Mon,DEN,LAR,+2.5,45.5,21.5,6700,15,8.7,11.0,13.0,13.5,2.02,
Drake,London,WR,,3,2026-09-24,Thu-Mon,ATL,GB,+6.5,43.5,18.5,5700,21,7.9,17.3,7.2,13.4,2.35,
Jaylen,Warren,RB,,3,2026-09-27,Thu-Mon,PIT,CIN,+3.5,42.5,19.5,5700,14,9.6,12.8,10.5,13.4,2.35,
Michael,Penix Jr.,QB,Q,3,2026-09-24,Thu-Mon,ATL,GB,+6.5,43.5,18.5,4700,17,14.1,15.7,,13.2,2.81,
Jeremiyah,Love,RB,,3,2026-09-27,Thu-Mon,ARI,SF,+8.5,47.5,19.5,5500,18,10.3,10.3,10.3,13.2,2.40,
DJ,Moore,WR,Q,3,2026-09-27,Thu-Mon,BUF,LAC,-7.5,50.5,29,5800,26,12.2,11.3,12.0,13.1,2.26,
Mike,Evans,WR,Q,3,2026-09-27,Thu-Mon,SF,ARI,-8.5,47.5,28,6800,27,11.4,11.3,12.7,13.1,1.93,
Rashee,Rice,WR,,3,2026-09-27,Thu-Mon,KC,MIA,-11.5,45.5,28.5,6400,6,14.2,17.5,11.1,13.0,2.03,
Brock,Bowers,TE,Q,3,2026-09-27,Thu-Mon,LV,NO,+3.5,43.5,20,6600,15,14.3,15.5,,12.9,1.96,
Ladd,McConkey,WR,,3,2026-09-27,Thu-Mon,LAC,BUF,+7.5,50.5,21.5,5900,30,10.1,9.8,12.9,12.7,2.15,
Jameson,Williams,WR,,3,2026-09-27,Thu-Mon,DET,NYJ,-6.5,47.5,27,5400,10,9.0,14.1,6.9,12.7,2.35,
Rhamondre,Stevenson,RB,,3,2026-09-27,Thu-Mon,NE,JAX,+2.5,45.5,21.5,5400,15,11.1,16.5,9.6,12.7,2.36,
Dalton,Kincaid,TE,,3,2026-09-27,Thu-Mon,BUF,LAC,-7.5,50.5,29,5500,25,16.7,13.5,21.8,12.6,2.29,
Jadarian,Price,RB,Q,3,2026-09-27,Thu-Mon,SEA,WAS,-6.5,40.5,23.5,5300,1,6.9,6.9,6.9,12.5,2.37,
DK,Metcalf,WR,,3,2026-09-27,Thu-Mon,PIT,CIN,+3.5,42.5,19.5,5400,9,8.7,10.5,7.4,12.3,2.27,
Quinshon,Judkins,RB,,3,2026-09-27,Thu-Mon,CLE,CAR,+2.5,42.5,20,5500,32,8.2,9.5,8.4,12.2,2.22,
Matthew,Golden,WR,,3,2026-09-24,Thu-Mon,GB,ATL,-6.5,43.5,25,4900,19,9.5,6.3,12.7,12.0,2.45,
Sam,LaPorta,TE,,3,2026-09-27,Thu-Mon,DET,NYJ,-6.5,47.5,27,4300,4,12.7,12.0,13.5,11.7,2.72,
Tucker,Kraft,TE,,3,2026-09-24,Thu-Mon,GB,ATL,-6.5,43.5,25,4900,29,14.0,13.6,6.5,11.7,2.38,
Travis,Kelce,TE,,3,2026-09-27,Thu-Mon,KC,MIA,-11.5,45.5,28.5,4500,20,10.5,11.6,19.1,11.6,2.58,
George,Kittle,TE,,3,2026-09-27,Thu-Mon,SF,ARI,-8.5,47.5,28,4800,19,11.6,15.4,10.6,11.6,2.42,
Terry,McLaurin,WR,,3,2026-09-27,Thu-Mon,WAS,SEA,+6.5,40.5,17,5100,1,7.9,11.0,5.2,11.6,2.28,
Jack,Strand,QB,,3,2026-09-24,Thu-Mon,ATL,GB,+6.5,43.5,18.5,4200,17,2.0,2.0,2.0,11.5,2.74,
Bhayshul,Tuten,RB,,3,2026-09-27,Thu-Mon,JAX,NE,-2.5,45.5,24,5600,8,9.3,7.2,12.0,11.4,2.04,
Rico,Dowdle,RB,Q,3,2026-09-27,Thu-Mon,PIT,CIN,+3.5,42.5,19.5,4700,14,5.3,8.3,5.3,11.4,2.44,
Jacory,Croskey-Merritt,RB,,3,2026-09-27,Thu-Mon,WAS,SEA,+6.5,40.5,17,5300,7,11.1,8.3,9.2,11.4,2.14,
Luther,Burden III,WR,,3,2026-09-28,Thu-Mon,CHI,PHI,+4.5,42.5,19,5600,11,7.3,10.9,8.4,11.3,2.02,
Emeka,Egbuka,WR,,3,2026-09-27,Thu-Mon,TB,MIN,+1.5,42.5,20.5,6200,24,6.7,7.1,10.8,11.3,1.82,
Colston,Loveland,TE,,3,2026-09-28,Thu-Mon,CHI,PHI,+4.5,42.5,19,5000,1,12.5,11.9,0.7,11.2,2.24,
Dalton,Schultz,TE,,3,2026-09-27,Thu-Mon,HOU,IND,-2.5,42.5,22.5,4200,28,11.7,11.7,18.3,11.0,2.63,
TreVeyon,Henderson,RB,,3,2026-09-27,Thu-Mon,NE,JAX,+2.5,45.5,21.5,5200,15,5.9,10.2,13.6,11.0,2.12,
Deebo,Samuel Sr.,WR,,3,2026-09-27,Thu-Mon,SF,ARI,-8.5,47.5,28,5300,27,9.3,10.5,12.3,11.0,2.07,
Quentin,Johnston,WR,,3,2026-09-27,Thu-Mon,LAC,BUF,+7.5,50.5,21.5,4900,30,9.9,8.8,3.1,10.9,2.22,
Tony,Pollard,RB,,3,2026-09-27,Thu-Mon,TEN,NYG,+5.5,42.5,18.5,5400,25,9.2,11.8,6.0,10.9,2.02,
Josh,Downs,WR,,3,2026-09-27,Thu-Mon,IND,HOU,+2.5,42.5,20,5700,32,9.3,7.4,10.0,10.8,1.89,
Isaiah,Likely,TE,,3,2026-09-27,Thu-Mon,NYG,TEN,-5.5,42.5,24,4700,8,11.9,9.1,18.1,10.8,2.29,
Michael,Wilson,WR,,3,2026-09-27,Thu-Mon,ARI,SF,+8.5,47.5,19.5,5200,7,13.7,19.3,7.2,10.8,2.08,
Khalil,Shakir,WR,,3,2026-09-27,Thu-Mon,BUF,LAC,-7.5,50.5,29,4800,26,12.0,11.1,7.9,10.7,2.23,
Tyler,Warren,TE,,3,2026-09-27,Thu-Mon,IND,HOU,+2.5,42.5,20,5300,18,9.5,9.5,12.4,10.7,2.02,
Stefon,Diggs,WR,,3,2026-09-27,Thu-Mon,WAS,SEA,+6.5,40.5,17,5500,1,12.9,13.2,18.6,10.7,1.95,
Mark,Andrews,TE,,3,2026-09-27,Thu-Mon,BAL,DAL,-3.5,52.5,28,4400,26,6.9,6.7,9.9,10.6,2.41,
Travis,Etienne Jr.,RB,,3,2026-09-27,Thu-Mon,NO,LV,-3.5,43.5,23.5,5800,12,12.1,15.6,11.0,10.5,1.81,
Courtland,Sutton,WR,,3,2026-09-27,Thu-Mon,DEN,LAR,+2.5,45.5,21.5,5200,15,6.0,11.5,4.3,10.3,1.99,
MarShawn,Lloyd,RB,,3,2026-09-24,Thu-Mon,GB,ATL,-6.5,43.5,25,5300,6,5.4,5.4,6.7,10.2,1.93,
Hunter,Henry,TE,,3,2026-09-27,Thu-Mon,NE,JAX,+2.5,45.5,21.5,3900,14,4.7,8.2,6.3,10.2,2.62,
Xavier,Worthy,WR,,3,2026-09-27,Thu-Mon,KC,MIA,-11.5,45.5,28.5,4400,6,6.0,7.1,9.2,10.2,2.32,
Rashod,Bateman,WR,,3,2026-09-27,Thu-Mon,BAL,DAL,-3.5,52.5,28,4700,16,5.6,5.0,10.9,10.1,2.15,
Carnell,Tate,WR,,3,2026-09-27,Thu-Mon,TEN,NYG,+5.5,42.5,18.5,5000,22,6.8,6.8,6.8,10.1,2.02,
Chris,Godwin Jr.,WR,,3,2026-09-27,Thu-Mon,TB,MIN,+1.5,42.5,20.5,5300,24,10.7,9.8,8.6,10.0,1.89,
Wan'Dale,Robinson,WR,,3,2026-09-27,Thu-Mon,TEN,NYG,+5.5,42.5,18.5,4500,22,11.5,13.5,5.4,9.7,2.16,
Romeo,Doubs,WR,,3,2026-09-27,Thu-Mon,NE,JAX,+2.5,45.5,21.5,5100,18,14.1,10.2,6.3,9.6,1.89,
Juwan,Johnson,TE,,3,2026-09-27,Thu-Mon,NO,LV,-3.5,43.5,23.5,3700,11,12.7,11.7,12.5,9.6,2.61,
Devaughn,Vele,WR,,3,2026-09-27,Thu-Mon,NO,LV,-3.5,43.5,23.5,4400,5,14.7,9.5,15.7,9.6,2.18,
J.K.,Dobbins,RB,Q,3,2026-09-27,Thu-Mon,DEN,LAR,+2.5,45.5,21.5,5400,9,8.1,9.9,3.6,9.5,1.76,
Jordan,Addison,WR,,3,2026-09-27,Thu-Mon,MIN,TB,-1.5,42.5,22,4900,8,4.6,6.0,2.1,9.5,1.93,
KC,Concepcion Jr.,WR,,3,2026-09-27,Thu-Mon,CLE,CAR,+2.5,42.5,20,4300,13,8.5,8.5,8.5,9.4,2.19,
Kyle,Pitts Sr.,TE,,3,2026-09-24,Thu-Mon,ATL,GB,+6.5,43.5,18.5,4200,17,7.3,12.3,1.3,9.3,2.21,
Jakobi,Meyers,WR,,3,2026-09-27,Thu-Mon,JAX,NE,-2.5,45.5,24,4800,12,7.3,10.8,8.0,9.2,1.91,
Malik,Washington,WR,,3,2026-09-27,Thu-Mon,MIA,KC,+11.5,45.5,17,4200,3,7.9,6.9,8.0,9.2,2.19,
Rome,Odunze,WR,,3,2026-09-28,Thu-Mon,CHI,PHI,+4.5,42.5,19,5300,11,6.0,8.7,7.3,9.1,1.72,
Tre,Tucker,WR,,3,2026-09-27,Thu-Mon,LV,NO,+3.5,43.5,20,5000,20,11.1,8.5,15.3,9.1,1.82,
Mack,Hollins,WR,,3,2026-09-27,Thu-Mon,NE,JAX,+2.5,45.5,21.5,4200,18,10.3,10.0,6.5,9.0,2.14,
Brenton,Strange,TE,,3,2026-09-27,Thu-Mon,JAX,NE,-2.5,45.5,24,3400,5,8.5,9.5,7.0,9.0,2.66,
Harold,Fannin Jr.,TE,,3,2026-09-27,Thu-Mon,CLE,CAR,+2.5,42.5,20,4000,7,11.4,11.9,7.3,8.9,2.22,
Jake,Ferguson,TE,,3,2026-09-27,Thu-Mon,DAL,BAL,+3.5,52.5,24.5,4100,16,7.4,8.4,11.5,8.8,2.15,
Brian,Thomas Jr.,WR,,3,2026-09-27,Thu-Mon,JAX,NE,-2.5,45.5,24,4600,12,8.0,8.6,7.0,8.8,1.90,
Blake,Corum,RB,,3,2026-09-27,Thu-Mon,LAR,DEN,-2.5,45.5,24,4600,29,7.2,10.1,7.8,8.7,1.89,
Tyjae,Spears,RB,,3,2026-09-27,Thu-Mon,TEN,NYG,+5.5,42.5,18.5,4900,25,9.1,8.1,6.7,8.7,1.78,
T.J.,Hockenson,TE,,3,2026-09-27,Thu-Mon,MIN,TB,-1.5,42.5,22,3200,31,8.1,7.7,9.8,8.7,2.72,
Dontayvion,Wicks,WR,,3,2026-09-28,Thu-Mon,PHI,CHI,-4.5,42.5,23.5,4100,14,6.8,7.9,13.9,8.6,2.11,
Adonai,Mitchell,WR,,3,2026-09-27,Thu-Mon,NYJ,DET,+6.5,47.5,20.5,4300,31,6.8,9.0,10.7,8.6,2.01,
Pat,Freiermuth,TE,,3,2026-09-27,Thu-Mon,PIT,CIN,+3.5,42.5,19.5,3800,27,8.6,7.3,11.5,8.6,2.26,
Denzel,Boston,WR,,3,2026-09-27,Thu-Mon,CLE,CAR,+2.5,42.5,20,4500,13,17.2,17.2,17.2,8.5,1.88,
Kayshon,Boutte,WR,,3,2026-09-27,Thu-Mon,HOU,IND,-2.5,42.5,22.5,4500,29,6.2,6.6,4.9,8.4,1.86,
Kyle,Monangai,RB,,3,2026-09-28,Thu-Mon,CHI,PHI,+4.5,42.5,19,5200,13,10.8,10.8,15.6,8.2,1.57,
Michael,Mayer,TE,,3,2026-09-27,Thu-Mon,LV,NO,+3.5,43.5,20,3300,15,8.4,6.2,7.3,8.2,2.49,
Michael,Pittman Jr.,WR,Q,3,2026-09-27,Thu-Mon,PIT,CIN,+3.5,42.5,19.5,4700,9,5.7,8.9,8.8,8.2,1.74,
RJ,Harvey,RB,Q,3,2026-09-27,Thu-Mon,DEN,LAR,+2.5,45.5,21.5,5200,9,10.5,13.7,8.1,8.1,1.56,
Seahawks,,DST,,3,2026-09-27,Thu-Mon,SEA,WAS,-6.5,40.5,23.5,3800,7,13.4,11.4,10.5,8.1,2.12,
Pat,Bryant,WR,,3,2026-09-27,Thu-Mon,DEN,LAR,+2.5,45.5,21.5,4000,15,4.9,6.7,4.9,8.0,2.01,
Keenan,Allen,WR,,3,2026-09-27,Thu-Mon,IND,HOU,+2.5,42.5,20,4600,32,5.9,6.9,5.4,8.0,1.75,
DeMario,Douglas,WR,,3,2026-09-27,Thu-Mon,NE,JAX,+2.5,45.5,21.5,3700,18,6.0,4.0,4.5,8.0,2.15,
Tre',Harris,WR,,3,2026-09-27,Thu-Mon,LAC,BUF,+7.5,50.5,21.5,3900,30,4.5,5.1,5.7,7.9,2.04,
Eagles,,DST,,3,2026-09-28,Thu-Mon,PHI,CHI,-4.5,42.5,23.5,3200,26,5.6,7.1,3.0,7.9,2.47,
Tyler,Allgeier,RB,,3,2026-09-27,Thu-Mon,ARI,SF,+8.5,47.5,19.5,5000,18,5.3,6.6,6.5,7.9,1.59,
Marvin,Harrison Jr.,WR,,3,2026-09-27,Thu-Mon,ARI,SF,+8.5,47.5,19.5,4700,7,3.9,8.3,2.2,7.8,1.66,
Woody,Marks,RB,,3,2026-09-27,Thu-Mon,HOU,IND,-2.5,42.5,22.5,5000,30,9.0,9.6,6.8,7.7,1.54,
Rashid,Shaheed,WR,,3,2026-09-27,Thu-Mon,SEA,WAS,-6.5,40.5,23.5,4200,25,5.5,6.8,4.2,7.7,1.83,
Ryan,Flournoy,WR,,3,2026-09-27,Thu-Mon,DAL,BAL,+3.5,52.5,24.5,3800,17,8.2,9.3,5.8,7.6,2.00,
Packers,,DST,,3,2026-09-24,Thu-Mon,GB,ATL,-6.5,43.5,25,3500,32,2.4,3.7,3.0,7.6,2.16,
Chiefs,,DST,,3,2026-09-27,Thu-Mon,KC,MIA,-11.5,45.5,28.5,3700,27,6.0,4.5,6.5,7.6,2.04,
Cade,Otton,TE,,3,2026-09-27,Thu-Mon,TB,MIN,+1.5,42.5,20.5,3100,10,9.5,8.4,7.2,7.5,2.42,
George,Holani,RB,,3,2026-09-27,Thu-Mon,SEA,WAS,-6.5,40.5,23.5,4500,1,2.9,3.0,2.7,7.5,1.67,
Rachaad,White,RB,,3,2026-09-27,Thu-Mon,WAS,SEA,+6.5,40.5,17,5100,7,7.4,6.6,9.5,7.5,1.47,
Gunnar,Helm,TE,,3,2026-09-27,Thu-Mon,TEN,NYG,+5.5,42.5,18.5,2900,21,5.8,6.0,5.1,7.4,2.54,
Kenny,Gainwell,RB,,3,2026-09-27,Thu-Mon,TB,MIN,+1.5,42.5,20.5,4800,5,8.8,12.8,3.7,7.4,1.53,
AJ,Barner,TE,,3,2026-09-27,Thu-Mon,SEA,WAS,-6.5,40.5,23.5,3100,30,6.0,7.3,5.6,7.4,2.40,
Jalen,Nailor,WR,,3,2026-09-27,Thu-Mon,LV,NO,+3.5,43.5,20,3700,20,3.1,4.4,3.8,7.3,1.97,
49ers,,DST,,3,2026-09-27,Thu-Mon,SF,ARI,-8.5,47.5,28,3600,15,4.4,5.3,8.0,7.3,2.03,
Panthers,,DST,,3,2026-09-27,Thu-Mon,CAR,CLE,-2.5,42.5,22.5,3000,24,8.8,7.7,13.0,7.2,2.40,
Alvin,Kamara,RB,,3,2026-09-27,Thu-Mon,NO,LV,-3.5,43.5,23.5,4800,12,6.7,7.9,7.2,7.2,1.51,
Colby,Parkinson,TE,,3,2026-09-27,Thu-Mon,LAR,DEN,-2.5,45.5,24,3200,9,6.9,10.6,2.6,7.1,2.22,
Justice,Hill,RB,,3,2026-09-27,Thu-Mon,BAL,DAL,-3.5,52.5,28,4200,23,3.9,7.3,3.8,6.9,1.64,
Xavier,Hutchinson,WR,,3,2026-09-27,Thu-Mon,HOU,IND,-2.5,42.5,22.5,4000,29,7.8,5.4,6.5,6.9,1.73,
Rams,,DST,,3,2026-09-27,Thu-Mon,LAR,DEN,-2.5,45.5,24,3100,23,5.4,5.8,6.5,6.8,2.20,
Texans,,DST,,3,2026-09-27,Thu-Mon,HOU,IND,-2.5,42.5,22.5,3200,8,10.8,9.4,2.0,6.8,2.11,
Cooper,Kupp,WR,,3,2026-09-27,Thu-Mon,SEA,WAS,-6.5,40.5,23.5,4000,25,9.2,8.2,4.8,6.8,1.70,
Makai,Lemon,WR,,3,2026-09-28,Thu-Mon,PHI,CHI,-4.5,42.5,23.5,4300,14,2.2,2.2,2.2,6.7,1.55,
Darren,Waller,TE,,3,2026-09-27,Thu-Mon,CAR,CLE,-2.5,42.5,22.5,3400,12,11.3,11.2,11.6,6.7,1.97,
Broncos,,DST,,3,2026-09-27,Thu-Mon,DEN,LAR,+2.5,45.5,21.5,2300,17,10.6,8.4,5.5,6.7,2.89,
Jayden,Reed,WR,Q,3,2026-09-24,Thu-Mon,GB,ATL,-6.5,43.5,25,4200,19,7.5,8.5,3.2,6.7,1.59,
Roman,Wilson,WR,,3,2026-09-27,Thu-Mon,PIT,CIN,+3.5,42.5,19.5,3400,9,3.2,5.1,6.7,6.7,1.98,
Kaelon,Black,RB,,3,2026-09-27,Thu-Mon,SF,ARI,-8.5,47.5,28,4800,4,5.3,5.3,5.3,6.7,1.39,
Buccaneers,,DST,,3,2026-09-27,Thu-Mon,TB,MIN,+1.5,42.5,20.5,2600,13,4.6,3.9,5.5,6.7,2.58,
Oronde,Gadsden II,TE,,3,2026-09-27,Thu-Mon,LAC,BUF,+7.5,50.5,21.5,3500,23,7.5,6.1,7.5,6.6,1.88,
Kalif,Raymond,WR,,3,2026-09-28,Thu-Mon,CHI,PHI,+4.5,42.5,19,3800,11,10.3,7.5,12.7,6.6,1.73,
Audric,Estime,RB,Q,3,2026-09-27,Thu-Mon,NO,LV,-3.5,43.5,23.5,4000,12,9.6,7.7,,6.6,1.65,
Malachi,Fields,WR,,3,2026-09-27,Thu-Mon,NYG,TEN,-5.5,42.5,24,4400,28,4.8,4.8,4.8,6.6,1.49,
Mike,Gesicki,TE,,3,2026-09-27,Thu-Mon,CIN,PIT,-3.5,42.5,23,3300,2,8.7,8.1,18.8,6.6,2.00,
Keaton,Mitchell,RB,,3,2026-09-27,Thu-Mon,LAC,BUF,+7.5,50.5,21.5,4300,27,2.6,4.9,2.9,6.5,1.50,
Jonah,Coleman,RB,,3,2026-09-27,Thu-Mon,DEN,LAR,+2.5,45.5,21.5,5100,9,14.8,14.8,14.8,6.5,1.28,
Jerry,Jeudy,WR,,3,2026-09-27,Thu-Mon,CLE,CAR,+2.5,42.5,20,3800,13,4.7,5.9,2.3,6.4,1.68,
Braelon,Allen,RB,,3,2026-09-27,Thu-Mon,NYJ,DET,+6.5,47.5,20.5,4400,22,4.4,3.8,6.3,6.4,1.45,
Patriots,,DST,,3,2026-09-27,Thu-Mon,NE,JAX,+2.5,45.5,21.5,2700,12,12.2,9.8,13.5,6.4,2.37,
Vikings,,DST,,3,2026-09-27,Thu-Mon,MIN,TB,-1.5,42.5,22,3100,30,13.6,10.1,12.5,6.4,2.06,
Giants,,DST,,3,2026-09-27,Thu-Mon,NYG,TEN,-5.5,42.5,24,3400,18,9.0,5.8,3.5,6.3,1.86,
Evan,Engram,TE,,3,2026-09-27,Thu-Mon,DEN,LAR,+2.5,45.5,21.5,3100,6,6.0,6.1,8.5,6.2,1.99,
Bears,,DST,,3,2026-09-28,Thu-Mon,CHI,PHI,+4.5,42.5,19,2500,16,5.0,6.0,6.5,6.1,2.44,
Jordan,Whittington,WR,Q,3,2026-09-27,Thu-Mon,LAR,DEN,-2.5,45.5,24,3200,4,2.3,2.7,1.8,6.1,1.90,
Caleb,Douglas,WR,Q,3,2026-09-27,Thu-Mon,MIA,KC,+11.5,45.5,17,3900,3,9.2,9.2,9.2,6.1,1.56,
Bengals,,DST,,3,2026-09-27,Thu-Mon,CIN,PIT,-3.5,42.5,23,2900,31,10.4,8.6,14.5,6.0,2.05,
Kendrick,Bourne,WR,,3,2026-09-27,Thu-Mon,ARI,SF,+8.5,47.5,19.5,3700,7,4.4,4.0,9.3,6.0,1.62,
Bills,,DST,,3,2026-09-27,Thu-Mon,BUF,LAC,-7.5,50.5,29,2800,29,4.0,6.2,4.5,5.9,2.11,
Browns,,DST,,3,2026-09-27,Thu-Mon,CLE,CAR,+2.5,42.5,20,2500,9,7.6,7.6,3.0,5.9,2.34,
Terrance,Ferguson,TE,,3,2026-09-27,Thu-Mon,LAR,DEN,-2.5,45.5,24,2700,9,6.7,4.8,8.7,5.9,2.18,
Chris,Rodriguez Jr.,RB,,3,2026-09-27,Thu-Mon,JAX,NE,-2.5,45.5,24,4600,8,7.6,7.8,1.8,5.9,1.27,
Greg,Dulcich,TE,,3,2026-09-27,Thu-Mon,MIA,KC,+11.5,45.5,17,3000,24,7.3,6.1,3.8,5.9,1.98,
Steelers,,DST,,3,2026-09-27,Thu-Mon,PIT,CIN,+3.5,42.5,19.5,2700,22,10.2,8.2,13.0,5.9,2.20,
Cowboys,,DST,,3,2026-09-27,Thu-Mon,DAL,BAL,+3.5,52.5,24.5,2400,10,2.4,2.8,3.0,5.8,2.42,
Chris,Brooks,RB,,3,2026-09-24,Thu-Mon,GB,ATL,-6.5,43.5,25,4800,6,3.7,3.0,3.3,5.8,1.20,
Jaguars,,DST,,3,2026-09-27,Thu-Mon,JAX,NE,-2.5,45.5,24,2900,28,7.8,8.6,8.0,5.7,1.97,
Saints,,DST,,3,2026-09-27,Thu-Mon,NO,LV,-3.5,43.5,23.5,3300,11,9.6,8.4,5.0,5.7,1.72,
Chargers,,DST,,3,2026-09-27,Thu-Mon,LAC,BUF,+7.5,50.5,21.5,2200,1,5.6,6.3,2.5,5.6,2.54,
Keon,Coleman,WR,,3,2026-09-27,Thu-Mon,BUF,LAC,-7.5,50.5,29,4300,26,7.0,7.1,6.7,5.6,1.30,
Ravens,,DST,,3,2026-09-27,Thu-Mon,BAL,DAL,-3.5,52.5,28,2800,3,5.2,7.1,4.5,5.6,2.00,
Jaylin,Noel,WR,,3,2026-09-27,Thu-Mon,HOU,IND,-2.5,42.5,22.5,3600,29,3.0,3.7,6.4,5.6,1.56,
Kenyon,Sadiq,TE,,3,2026-09-27,Thu-Mon,NYJ,DET,+6.5,47.5,20.5,3500,32,7.6,7.6,7.6,5.5,1.58,
Lions,,DST,,3,2026-09-27,Thu-Mon,DET,NYJ,-6.5,47.5,27,3500,5,4.6,3.7,4.0,5.4,1.54,
Tyquan,Thornton,WR,,3,2026-09-27,Thu-Mon,KC,MIA,-11.5,45.5,28.5,3300,6,4.6,5.5,6.3,5.4,1.65,
Colts,,DST,,3,2026-09-27,Thu-Mon,IND,HOU,+2.5,42.5,20,2500,25,1.0,2.6,0.5,5.3,2.11,
Emmett,Johnson,RB,,3,2026-09-27,Thu-Mon,KC,MIA,-11.5,45.5,28.5,4400,31,7.2,7.2,7.2,5.3,1.19,
Titans,,DST,,3,2026-09-27,Thu-Mon,TEN,NYG,+5.5,42.5,18.5,2400,21,3.6,3.9,3.5,5.3,2.21,
Samaje,Perine,RB,,3,2026-09-27,Thu-Mon,CIN,PIT,-3.5,42.5,23,4100,26,8.0,7.4,5.6,5.3,1.28,
Ted,Hurst III,WR,,3,2026-09-27,Thu-Mon,TB,MIN,+1.5,42.5,20.5,3000,24,5.7,5.7,5.7,5.3,1.76,
Antonio,Williams,WR,,3,2026-09-27,Thu-Mon,WAS,SEA,+6.5,40.5,17,4100,1,10.9,10.9,10.9,5.3,1.30,
Raiders,,DST,,3,2026-09-27,Thu-Mon,LV,NO,+3.5,43.5,20,2600,19,9.0,5.9,12.5,5.1,1.98,
Jauan,Jennings,WR,Q,3,2026-09-27,Thu-Mon,MIN,TB,-1.5,42.5,22,3600,8,6.9,11.0,0.0,5.1,1.42,
Calvin,Ridley,WR,,3,2026-09-27,Thu-Mon,TEN,NYG,+5.5,42.5,18.5,4000,22,7.3,8.0,5.5,5.0,1.26,
Devin,Singletary,RB,,3,2026-09-27,Thu-Mon,NYG,TEN,-5.5,42.5,24,4200,21,9.6,10.2,7.4,5.0,1.19,
Falcons,,DST,,3,2026-09-24,Thu-Mon,ATL,GB,+6.5,43.5,18.5,2400,20,7.4,6.5,3.0,4.9,2.03,
Commanders,,DST,,3,2026-09-27,Thu-Mon,WAS,SEA,+6.5,40.5,17,2300,14,3.0,3.2,0.5,4.9,2.11,
Jack,Bech,WR,,3,2026-09-27,Thu-Mon,LV,NO,+3.5,43.5,20,3500,20,5.2,4.7,7.9,4.8,1.38,
Jets,,DST,,3,2026-09-27,Thu-Mon,NYJ,DET,+6.5,47.5,20.5,2100,6,2.4,2.2,7.5,4.7,2.25,
Brian,Robinson Jr.,RB,,3,2026-09-24,Thu-Mon,ATL,GB,+6.5,43.5,18.5,4700,20,3.6,3.3,5.9,4.6,0.98,
Darnell,Mooney,WR,,3,2026-09-27,Thu-Mon,NYG,TEN,-5.5,42.5,24,4100,28,5.3,6.2,5.8,4.6,1.13,
Cardinals,,DST,,3,2026-09-27,Thu-Mon,ARI,SF,+8.5,47.5,19.5,2300,2,3.0,2.9,6.0,4.6,2.01,
Raheim,Sanders,RB,,3,2026-09-27,Thu-Mon,CLE,CAR,+2.5,42.5,20,4500,32,4.3,4.7,3.9,4.5,1.00,
Isaiah,Williams,WR,,3,2026-09-27,Thu-Mon,NYJ,DET,+6.5,47.5,20.5,3300,31,6.8,6.5,6.3,4.5,1.38,
Isaac,TeSlaa,WR,,3,2026-09-27,Thu-Mon,DET,NYJ,-6.5,47.5,27,3400,10,7.3,5.8,2.3,4.5,1.31,
Andrei,Iosivas,WR,,3,2026-09-27,Thu-Mon,CIN,PIT,-3.5,42.5,23,3000,2,3.8,4.8,2.5,4.5,1.49,
Jalen,McMillan,WR,,3,2026-09-27,Thu-Mon,TB,MIN,+1.5,42.5,20.5,4100,24,7.8,13.8,,4.5,1.09,
Xavier,Legette,WR,,3,2026-09-27,Thu-Mon,CAR,CLE,-2.5,42.5,22.5,3500,23,3.3,4.9,4.2,4.3,1.24,
Jahan,Dotson,WR,,3,2026-09-24,Thu-Mon,ATL,GB,+6.5,43.5,18.5,3100,21,2.6,2.7,3.0,4.3,1.39,
Bryce,Lance,WR,,3,2026-09-27,Thu-Mon,NO,LV,-3.5,43.5,23.5,3000,5,4.5,4.5,4.5,4.3,1.44,
DeeJay,Dallas,RB,,3,2026-09-27,Thu-Mon,MIN,TB,-1.5,42.5,22,4200,16,2.0,2.0,2.1,4.2,0.99,
Dolphins,,DST,,3,2026-09-27,Thu-Mon,MIA,KC,+11.5,45.5,17,2000,4,1.6,5.9,0.0,4.1,2.03,
Elic,Ayomanor,WR,,3,2026-09-27,Thu-Mon,TEN,NYG,+5.5,42.5,18.5,3300,22,9.5,7.1,8.5,4.1,1.25,
Germie,Bernard,WR,,3,2026-09-27,Thu-Mon,PIT,CIN,+3.5,42.5,19.5,3900,9,7.5,7.5,7.5,4.1,1.06,
Dawson,Knox,TE,,3,2026-09-27,Thu-Mon,BUF,LAC,-7.5,50.5,29,2800,25,6.6,8.5,5.1,3.9,1.40,
Darnell,Washington,TE,,3,2026-09-27,Thu-Mon,PIT,CIN,+3.5,42.5,19.5,2800,27,4.0,4.6,2.8,3.9,1.38,
Cole,Kmet,TE,,3,2026-09-28,Thu-Mon,CHI,PHI,+4.5,42.5,19,3000,1,5.9,6.0,5.8,3.8,1.27,
Kaleb,Johnson,RB,,3,2026-09-24,Thu-Mon,GB,ATL,-6.5,43.5,25,4300,6,1.2,1.2,3.2,3.8,0.88,
Chris,Bell,WR,,3,2026-09-27,Thu-Mon,MIA,KC,+11.5,45.5,17,3400,3,1.8,1.8,1.8,3.8,1.13,
Devontez,Walker,WR,,3,2026-09-27,Thu-Mon,BAL,DAL,-3.5,52.5,28,3500,16,5.3,4.3,5.7,3.6,1.02,
Tommy,Tremble,TE,,3,2026-09-27,Thu-Mon,CAR,CLE,-2.5,42.5,22.5,2500,12,5.3,3.9,3.5,3.5,1.38,
Emari,Demercado,RB,,3,2026-09-27,Thu-Mon,DAL,BAL,+3.5,52.5,24.5,4200,19,3.0,4.4,0.8,3.4,0.81,
Jonnu,Smith,TE,,3,2026-09-24,Thu-Mon,GB,ATL,-6.5,43.5,25,2800,29,4.2,3.9,7.0,3.4,1.20,
Zachariah,Branch,WR,,3,2026-09-24,Thu-Mon,ATL,GB,+6.5,43.5,18.5,3300,21,3.4,3.4,3.4,3.4,1.04,
Noah,Fant,TE,,3,2026-09-27,Thu-Mon,NO,LV,-3.5,43.5,23.5,3200,11,3.5,5.9,13.3,3.4,1.07,
Mike,Washington Jr.,RB,,3,2026-09-27,Thu-Mon,LV,NO,+3.5,43.5,20,4100,28,2.4,2.4,2.4,3.4,0.82,
Tank,Bigsby,RB,,3,2026-09-28,Thu-Mon,PHI,CHI,-4.5,42.5,23.5,5000,24,6.7,5.4,6.1,3.3,0.66,
Noah,Gray,TE,,3,2026-09-27,Thu-Mon,KC,MIA,-11.5,45.5,28.5,3000,20,2.2,2.8,0.8,3.3,1.12,
Josh,Oliver,TE,,3,2026-09-27,Thu-Mon,MIN,TB,-1.5,42.5,22,2500,31,3.6,4.1,3.8,3.2,1.26,
Foster,Moreau,TE,,3,2026-09-27,Thu-Mon,HOU,IND,-2.5,42.5,22.5,2500,28,3.3,2.9,4.5,3.1,1.24,
Theo,Johnson,TE,,3,2026-09-27,Thu-Mon,NYG,TEN,-5.5,42.5,24,2700,8,3.6,6.7,1.0,3.1,1.14,
Konata,Mumpfield,WR,,3,2026-09-27,Thu-Mon,LAR,DEN,-2.5,45.5,24,3000,4,1.5,1.9,1.1,3.0,0.99,
Travis,Hunter,WR,,3,2026-09-27,Thu-Mon,JAX,NE,-2.5,45.5,24,3100,12,10.3,8.6,2.1,3.0,0.97,
Olamide,Zaccheaus,WR,,3,2026-09-24,Thu-Mon,ATL,GB,+6.5,43.5,18.5,3000,21,3.6,3.4,1.4,2.9,0.96,
Kyle,Williams,WR,,3,2026-09-27,Thu-Mon,NE,JAX,+2.5,45.5,21.5,3400,18,1.2,3.7,2.0,2.9,0.85,
John,Bates,TE,,3,2026-09-27,Thu-Mon,WAS,SEA,+6.5,40.5,17,2500,22,3.7,3.1,3.3,2.9,1.15,
AJ,Dillon,RB,,3,2026-09-27,Thu-Mon,CAR,CLE,-2.5,42.5,22.5,4000,11,1.6,2.3,1.3,2.8,0.71,
Chris,Moore,WR,,3,2026-09-27,Thu-Mon,BAL,DAL,-3.5,52.5,28,3100,16,4.6,4.7,4.0,2.8,0.89,
KaVontae,Turpin,WR,,3,2026-09-27,Thu-Mon,DAL,BAL,+3.5,52.5,24.5,3000,17,4.6,4.5,1.0,2.8,0.94,
Tyler,Badie,RB,,3,2026-09-27,Thu-Mon,DEN,LAR,+2.5,45.5,21.5,4200,9,2.6,2.3,4.9,2.8,0.66,
Xavier,Smith,WR,,3,2026-09-27,Thu-Mon,LAR,DEN,-2.5,45.5,24,3000,4,3.8,3.9,0.0,2.8,0.92,
Elijah,Arroyo,TE,,3,2026-09-27,Thu-Mon,SEA,WAS,-6.5,40.5,23.5,2500,30,0.8,2.7,2.7,2.8,1.12,
Kevin,Coleman Jr.,WR,,3,2026-09-27,Thu-Mon,MIA,KC,+11.5,45.5,17,3000,3,0.0,0.0,0.0,2.7,0.90,
Najee,Harris,RB,,3,2026-09-27,Thu-Mon,NYG,TEN,-5.5,42.5,24,4700,21,4.2,6.5,0.6,2.7,0.57,
Drew,Sample,TE,,3,2026-09-27,Thu-Mon,CIN,PIT,-3.5,42.5,23,2600,2,3.9,3.5,4.9,2.7,1.03,
Tory,Horton,WR,,3,2026-09-27,Thu-Mon,SEA,WAS,-6.5,40.5,23.5,3000,25,7.1,9.3,,2.7,0.88,
Joshua,Palmer,WR,,3,2026-09-27,Thu-Mon,BUF,LAC,-7.5,50.5,29,3500,26,5.2,5.0,10.9,2.6,0.74,
LaJohntay,Wester,WR,,3,2026-09-27,Thu-Mon,BAL,DAL,-3.5,52.5,28,3000,16,1.6,1.6,3.0,2.6,0.85,
Tyler,Higbee,TE,,3,2026-09-27,Thu-Mon,LAR,DEN,-2.5,45.5,24,2900,9,6.9,7.4,2.2,2.6,0.90,
Skyy,Moore,WR,,3,2026-09-24,Thu-Mon,GB,ATL,-6.5,43.5,25,3200,19,1.4,1.6,1.3,2.6,0.81,
Durham,Smythe,TE,,3,2026-09-27,Thu-Mon,BAL,DAL,-3.5,52.5,28,2500,26,1.3,1.1,0.7,2.5,1.00,
Adam,Trautman,TE,,3,2026-09-27,Thu-Mon,DEN,LAR,+2.5,45.5,21.5,2500,6,2.9,3.2,3.0,2.5,0.98,
Jared,Wayne,WR,,3,2026-09-27,Thu-Mon,HOU,IND,-2.5,42.5,22.5,3100,29,2.3,1.6,3.8,2.4,0.77,
Erick,All Jr.,TE,,3,2026-09-27,Thu-Mon,CIN,PIT,-3.5,42.5,23,2500,2,3.0,3.8,2.5,2.4,0.95,
Tai,Felton,WR,,3,2026-09-27,Thu-Mon,MIN,TB,-1.5,42.5,22,3000,8,1.8,1.8,,2.4,0.81,
Ben,Sinnott,TE,,3,2026-09-27,Thu-Mon,WAS,SEA,+6.5,40.5,17,2600,22,3.2,3.3,1.6,2.4,0.93,
Will,Shipley,RB,,3,2026-09-28,Thu-Mon,PHI,CHI,-4.5,42.5,23.5,4500,24,2.4,2.2,3.6,2.3,0.51,
Cooper,Rush,QB,,3,2026-09-24,Thu-Mon,ATL,GB,+6.5,43.5,18.5,4000,17,3.5,7.5,5.1,2.3,0.59,
Kyle,Juszczyk,RB,,3,2026-09-27,Thu-Mon,SF,ARI,-8.5,47.5,28,4000,4,6.5,4.8,10.7,2.3,0.57,
Luke,Farrell,TE,,3,2026-09-27,Thu-Mon,SF,ARI,-8.5,47.5,28,2500,19,1.3,2.5,3.9,2.3,0.92,
Dyami,Brown,WR,,3,2026-09-27,Thu-Mon,WAS,SEA,+6.5,40.5,17,3200,1,1.3,2.7,2.6,2.3,0.73,
Ray,Davis,RB,,3,2026-09-27,Thu-Mon,BUF,LAC,-7.5,50.5,29,4400,10,7.1,5.2,0.3,2.2,0.51,
Troy,Franklin,WR,,3,2026-09-27,Thu-Mon,DEN,LAR,+2.5,45.5,21.5,3500,15,4.1,7.7,2.1,2.2,0.63,
Laquon,Treadwell,WR,,3,2026-09-27,Thu-Mon,IND,HOU,+2.5,42.5,20,3100,32,2.3,1.2,4.6,2.2,0.71,
Josh,Cameron,WR,,3,2026-09-27,Thu-Mon,JAX,NE,-2.5,45.5,24,3000,12,10.0,10.0,10.0,2.2,0.74,
Eli,Raridon,TE,Q,3,2026-09-27,Thu-Mon,NE,JAX,+2.5,45.5,21.5,2900,14,5.6,5.6,5.6,2.1,0.72,
Daniel,Bellinger,TE,,3,2026-09-27,Thu-Mon,TEN,NYG,+5.5,42.5,18.5,2500,21,4.6,4.6,0.9,2.1,0.84,
Blake,Whiteheart,TE,,3,2026-09-27,Thu-Mon,CLE,CAR,+2.5,42.5,20,2500,7,2.2,1.6,5.6,2.0,0.80,
Austin,Hooper,TE,,3,2026-09-24,Thu-Mon,ATL,GB,+6.5,43.5,18.5,2500,17,2.2,3.5,4.0,2.0,0.78,
Will,Kacmarek,TE,,3,2026-09-27,Thu-Mon,MIA,KC,+11.5,45.5,17,2500,24,0.7,0.7,0.7,2.0,0.79,
Demond,Claiborne,RB,,3,2026-09-27,Thu-Mon,MIN,TB,-1.5,42.5,22,4400,16,1.2,1.2,1.2,2.0,0.46,
Emanuel,Wilson,RB,,3,2026-09-27,Thu-Mon,SEA,WAS,-6.5,40.5,23.5,4900,1,3.8,5.9,4.8,2.0,0.41,
Jaleel,McLaughlin,RB,,3,2026-09-27,Thu-Mon,CLE,CAR,+2.5,42.5,20,4000,32,3.1,3.6,0.3,1.9,0.48,
Mitchell,Evans,TE,,3,2026-09-27,Thu-Mon,CAR,CLE,-2.5,42.5,22.5,2500,12,1.5,2.2,2.1,1.9,0.77,
Jacob,Cowing,WR,,3,2026-09-27,Thu-Mon,SF,ARI,-8.5,47.5,28,3300,27,1.1,1.2,,1.9,0.57,
Brock,Wright,TE,,3,2026-09-27,Thu-Mon,DET,NYJ,-6.5,47.5,27,2500,4,2.5,3.8,1.5,1.8,0.72,
Sione,Vaki,RB,,3,2026-09-27,Thu-Mon,DET,NYJ,-6.5,47.5,27,4300,3,1.2,1.0,2.9,1.8,0.43,
Seth,McGowan,RB,,3,2026-09-27,Thu-Mon,IND,HOU,+2.5,42.5,20,4100,2,0.5,0.5,0.5,1.8,0.43,
Odell,Beckham Jr.,WR,,3,2026-09-27,Thu-Mon,NYG,TEN,-5.5,42.5,24,3300,28,2.0,2.0,,1.8,0.56,
Johnny,Mundt,TE,,3,2026-09-28,Thu-Mon,PHI,CHI,-4.5,42.5,23.5,2600,13,2.4,2.1,2.8,1.7,0.64,
Brevyn,Spann-Ford,TE,,3,2026-09-27,Thu-Mon,DAL,BAL,+3.5,52.5,24.5,2500,16,2.8,2.7,3.4,1.7,0.70,
Hunter,Luepke,RB,,3,2026-09-27,Thu-Mon,DAL,BAL,+3.5,52.5,24.5,4000,19,2.2,2.7,0.4,1.7,0.43,
Lil'Jordan,Humphrey,WR,,3,2026-09-27,Thu-Mon,DEN,LAR,+2.5,45.5,21.5,3000,15,3.8,4.7,0.0,1.7,0.57,
Isaiah,Davis,RB,,3,2026-09-27,Thu-Mon,NYJ,DET,+6.5,47.5,20.5,4000,22,5.7,5.6,,1.7,0.41,
Sean,Tucker,RB,,3,2026-09-27,Thu-Mon,TB,MIN,+1.5,42.5,20.5,4000,5,4.5,8.1,,1.7,0.44,
Darius,Cooper,WR,,3,2026-09-28,Thu-Mon,PHI,CHI,-4.5,42.5,23.5,3100,14,5.0,4.4,10.6,1.6,0.52,
Jahdae,Walker,WR,,3,2026-09-28,Thu-Mon,CHI,PHI,+4.5,42.5,19,3300,11,8.5,8.5,7.1,1.6,0.49,
Luke,Schoonmaker,TE,,3,2026-09-27,Thu-Mon,DAL,BAL,+3.5,52.5,24.5,2500,16,2.8,2.4,2.2,1.6,0.64,
Nate,Boerkircher,TE,,3,2026-09-27,Thu-Mon,JAX,NE,-2.5,45.5,24,2500,5,1.9,1.9,1.9,1.6,0.64,
Chimere,Dike,WR,,3,2026-09-27,Thu-Mon,TEN,NYG,+5.5,42.5,18.5,3000,22,6.9,8.1,0.7,1.6,0.53,
Derius,Davis,WR,,3,2026-09-27,Thu-Mon,LAC,BUF,+7.5,50.5,21.5,3000,30,0.6,1.6,0.0,1.5,0.50,
Brycen,Tremayne,WR,,3,2026-09-27,Thu-Mon,CAR,CLE,-2.5,42.5,22.5,3000,23,2.0,3.0,,1.5,0.52,
Isaiah,Bond,WR,,3,2026-09-27,Thu-Mon,CLE,CAR,+2.5,42.5,20,3000,13,4.0,3.3,2.0,1.5,0.49,
Tutu,Atwell,WR,,3,2026-09-27,Thu-Mon,LAR,DEN,-2.5,45.5,24,3700,4,3.4,3.7,2.9,1.5,0.41,
Davis,Allen,TE,,3,2026-09-27,Thu-Mon,LAR,DEN,-2.5,45.5,24,2500,9,2.8,4.1,2.0,1.5,0.61,
Cade,Stover,TE,,3,2026-09-27,Thu-Mon,HOU,IND,-2.5,42.5,22.5,2500,28,2.2,3.3,0.8,1.5,0.60,
Elijah,Higgins,TE,,3,2026-09-27,Thu-Mon,ARI,SF,+8.5,47.5,19.5,2500,3,4.8,4.1,,1.5,0.59,
Brenen,Thompson,WR,,3,2026-09-27,Thu-Mon,LAC,BUF,+7.5,50.5,21.5,3000,30,2.3,2.3,2.3,1.4,0.48,
Ollie,Gordon II,RB,,3,2026-09-27,Thu-Mon,MIA,KC,+11.5,45.5,17,4000,17,2.1,3.7,0.7,1.4,0.35,
Kaytron,Allen,RB,,3,2026-09-27,Thu-Mon,WAS,SEA,+6.5,40.5,17,4300,7,2.0,2.0,2.0,1.4,0.32,
Sam,Roush,TE,,3,2026-09-28,Thu-Mon,CHI,PHI,+4.5,42.5,19,2500,1,1.9,1.9,1.9,1.3,0.52,
Nate,Adkins,TE,,3,2026-09-27,Thu-Mon,DEN,LAR,+2.5,45.5,21.5,2500,6,3.6,3.6,12.8,1.3,0.54,
Marvin,Mims Jr.,WR,Q,3,2026-09-27,Thu-Mon,DEN,LAR,+2.5,45.5,21.5,3700,15,9.3,6.8,,1.3,0.34,
Jeremy,Ruckert,TE,,3,2026-09-27,Thu-Mon,NYJ,DET,+6.5,47.5,20.5,2500,32,2.4,3.0,2.0,1.3,0.51,
Mo,Alie-Cox,TE,,3,2026-09-27,Thu-Mon,IND,HOU,+2.5,42.5,20,2500,18,4.3,2.8,,1.3,0.50,
Marlin,Klein,TE,,3,2026-09-27,Thu-Mon,HOU,IND,-2.5,42.5,22.5,2500,28,2.6,2.6,2.6,1.3,0.53,
Ameer,Abdullah,RB,,3,2026-09-27,Thu-Mon,JAX,NE,-2.5,45.5,24,4000,8,2.6,2.9,3.3,1.3,0.32,
LeQuint,Allen Jr.,RB,,3,2026-09-27,Thu-Mon,JAX,NE,-2.5,45.5,24,4000,8,1.2,1.6,0.0,1.3,0.34,
Malik,Benson,WR,,3,2026-09-27,Thu-Mon,LV,NO,+3.5,43.5,20,3000,20,0.4,0.4,0.4,1.3,0.42,
Tez,Johnson,WR,,3,2026-09-27,Thu-Mon,TB,MIN,+1.5,42.5,20.5,3000,24,2.7,4.9,2.8,1.3,0.42,
Charlie,Woerner,TE,,3,2026-09-24,Thu-Mon,ATL,GB,+6.5,43.5,18.5,2500,17,2.5,1.4,0.0,1.2,0.47,
Cyrus,Allen,WR,,3,2026-09-27,Thu-Mon,KC,MIA,-11.5,45.5,28.5,3600,6,0.0,0.0,0.0,1.2,0.33,
Jalen,Royals,WR,,3,2026-09-27,Thu-Mon,KC,MIA,-11.5,45.5,28.5,3000,6,5.5,5.5,8.6,1.2,0.41,
Ty,Johnson,RB,Q,3,2026-09-27,Thu-Mon,BUF,LAC,-7.5,50.5,29,4000,10,9.3,9.0,,1.1,0.28,
Jackson,Hawes,TE,,3,2026-09-27,Thu-Mon,BUF,LAC,-7.5,50.5,29,2500,25,3.4,4.0,,1.1,0.45,
Kimani,Vidal,RB,,3,2026-09-27,Thu-Mon,LAC,BUF,+7.5,50.5,21.5,4000,27,5.5,9.8,,1.1,0.29,
Dameon,Pierce,RB,,3,2026-09-28,Thu-Mon,PHI,CHI,-4.5,42.5,23.5,4000,24,1.2,3.6,,1.1,0.27,
Israel,Abanikanda,RB,,3,2026-09-27,Thu-Mon,DAL,BAL,+3.5,52.5,24.5,4000,19,2.9,2.9,,1.1,0.27,
Jawhar,Jordan,RB,,3,2026-09-27,Thu-Mon,HOU,IND,-2.5,42.5,22.5,4000,30,8.2,8.2,,1.1,0.28,
Lan,Larison,RB,,3,2026-09-27,Thu-Mon,NE,JAX,+2.5,45.5,21.5,4000,15,2.9,2.9,2.9,1.1,0.27,
Efton,Chism III,WR,,3,2026-09-27,Thu-Mon,NE,JAX,+2.5,45.5,21.5,3000,18,5.1,5.1,0.8,1.1,0.37,
Jaylen,Wright,RB,Q,3,2026-09-27,Thu-Mon,MIA,KC,+11.5,45.5,17,4000,17,4.8,4.9,0.5,1.1,0.28,
Brashard,Smith,RB,,3,2026-09-27,Thu-Mon,KC,MIA,-11.5,45.5,28.5,4000,31,3.9,4.4,,1.1,0.28,
Connor,Heyward,RB,,3,2026-09-27,Thu-Mon,LV,NO,+3.5,43.5,20,4000,28,3.3,1.8,0.1,1.1,0.27,
CJ,Donaldson,RB,,3,2026-09-27,Thu-Mon,NO,LV,-3.5,43.5,23.5,4000,12,0.7,0.7,0.7,1.1,0.29,
Barion,Brown,WR,,3,2026-09-27,Thu-Mon,NO,LV,-3.5,43.5,23.5,3000,5,0.3,0.3,0.3,1.1,0.37,
Jordan,Watkins,WR,,3,2026-09-27,Thu-Mon,SF,ARI,-8.5,47.5,28,3100,27,2.3,2.3,,1.1,0.35,
John,Metchie III,WR,,3,2026-09-27,Thu-Mon,CAR,CLE,-2.5,42.5,22.5,3000,23,5.6,6.9,,1.0,0.32,
Cody,White,WR,,3,2026-09-27,Thu-Mon,LV,NO,+3.5,43.5,20,3200,20,6.9,4.2,8.2,1.0,0.31,
Oscar,Delp,TE,,3,2026-09-27,Thu-Mon,NO,LV,-3.5,43.5,23.5,2500,11,1.8,1.8,1.8,1.0,0.42,
Josh,Cuevas,TE,,3,2026-09-27,Thu-Mon,BAL,DAL,-3.5,52.5,28,2500,26,,,,0.9,0.36,
Jacob,Saylors,RB,,3,2026-09-27,Thu-Mon,DET,NYJ,-6.5,47.5,27,4000,3,1.1,1.1,,0.9,0.21,
Bo,Melton,WR,Q,3,2026-09-24,Thu-Mon,GB,ATL,-6.5,43.5,25,3100,19,1.9,1.1,1.0,0.9,0.29,
Ian,Thomas,TE,,3,2026-09-27,Thu-Mon,LV,NO,+3.5,43.5,20,2500,15,3.6,2.8,2.1,0.9,0.38,
Dylan,Laube,RB,,3,2026-09-27,Thu-Mon,LV,NO,+3.5,43.5,20,4000,28,0.9,0.5,,0.9,0.23,
Jaylin,Lane,WR,,3,2026-09-27,Thu-Mon,WAS,SEA,+6.5,40.5,17,3000,1,3.0,3.8,1.4,0.9,0.31,
Jonathan,Mingo,WR,,3,2026-09-27,Thu-Mon,DAL,BAL,+3.5,52.5,24.5,3000,17,1.1,1.2,2.0,0.8,0.27,
DJ,Herman,RB,,3,2026-09-27,Thu-Mon,MIA,KC,+11.5,45.5,17,4000,17,2.8,2.8,2.8,0.8,0.21,
Alec,Ingold,RB,,3,2026-09-27,Thu-Mon,LAC,BUF,+7.5,50.5,21.5,4000,27,1.2,1.8,,0.7,0.18,
Ashton,Dulin,WR,Q,3,2026-09-27,Thu-Mon,IND,HOU,+2.5,42.5,20,3200,32,1.6,2.0,0.0,0.7,0.22,
Quintin,Morris,TE,,3,2026-09-27,Thu-Mon,JAX,NE,-2.5,45.5,24,2500,5,2.9,1.9,0.9,0.7,0.27,
Jake,Briningstool,TE,,3,2026-09-27,Thu-Mon,KC,MIA,-11.5,45.5,28.5,2500,20,1.9,1.9,1.9,0.7,0.29,
Ben,Skowronek,WR,,3,2026-09-27,Thu-Mon,PIT,CIN,+3.5,42.5,19.5,3000,9,1.8,2.3,1.2,0.7,0.25,
Dohnte,Meyers,WR,,3,2026-09-27,Thu-Mon,CIN,PIT,-3.5,42.5,23,3000,2,1.9,1.9,1.9,0.7,0.25,
Eric,Saubert,TE,,3,2026-09-27,Thu-Mon,SEA,WAS,-6.5,40.5,23.5,2500,30,1.4,2.1,0.0,0.7,0.28,
Treylon,Burks,WR,,3,2026-09-27,Thu-Mon,WAS,SEA,+6.5,40.5,17,3000,1,2.1,3.1,0.0,0.7,0.25,
Gregory,Desrosiers,RB,,3,2026-09-27,Thu-Mon,LAC,BUF,+7.5,50.5,21.5,4000,27,,,,0.6,0.14,
Brock,Lampe,RB,,3,2026-09-27,Thu-Mon,BUF,LAC,-7.5,50.5,29,4000,10,,,,0.6,0.14,
Hollywood,Brown,WR,,3,2026-09-28,Thu-Mon,PHI,CHI,-4.5,42.5,23.5,3300,14,4.4,5.1,1.2,0.6,0.20,
E.J.,Jenkins,TE,,3,2026-09-28,Thu-Mon,PHI,CHI,-4.5,42.5,23.5,2500,13,1.5,0.8,,0.6,0.23,
Tylan,Wallace,WR,,3,2026-09-27,Thu-Mon,CLE,CAR,+2.5,42.5,20,3000,13,0.8,2.3,,0.6,0.22,
Ahmani,Marshall,RB,,3,2026-09-27,Thu-Mon,CAR,CLE,-2.5,42.5,22.5,4000,11,,,,0.6,0.14,
Anthony,Tyus III,RB,,3,2026-09-27,Thu-Mon,CAR,CLE,-2.5,42.5,22.5,4000,11,,,,0.6,0.14,
Elijah,Sarratt,WR,,3,2026-09-27,Thu-Mon,BAL,DAL,-3.5,52.5,28,3400,16,,,,0.6,0.19,
Jordan,Waters,RB,,3,2026-09-27,Thu-Mon,LAR,DEN,-2.5,45.5,24,4000,29,,,,0.6,0.14,
Dean,Connors,RB,,3,2026-09-27,Thu-Mon,LAR,DEN,-2.5,45.5,24,4000,29,,,,0.6,0.14,
Max,Klare,TE,,3,2026-09-27,Thu-Mon,LAR,DEN,-2.5,45.5,24,2500,9,,,,0.6,0.25,
Jabari,Small,RB,,3,2026-09-27,Thu-Mon,DET,NYJ,-6.5,47.5,27,4000,3,,,,0.6,0.14,
Al-Jay,Henderson,RB,,3,2026-09-27,Thu-Mon,NYJ,DET,+6.5,47.5,20.5,4000,22,,,,0.6,0.14,
Josh,Whyle,TE,,3,2026-09-24,Thu-Mon,GB,ATL,-6.5,43.5,25,2500,29,1.6,2.6,,0.6,0.22,
Noah,Whittington,RB,,3,2026-09-27,Thu-Mon,HOU,IND,-2.5,42.5,22.5,4000,30,,,,0.6,0.14,
Anderson,Castle,RB,,3,2026-09-27,Thu-Mon,IND,HOU,+2.5,42.5,20,4000,2,,,,0.6,0.14,
Davon,Booth,RB,,3,2026-09-27,Thu-Mon,IND,HOU,+2.5,42.5,20,4000,2,,,,0.6,0.14,
J'Mari,Taylor,RB,,3,2026-09-27,Thu-Mon,JAX,NE,-2.5,45.5,24,4000,8,,,,0.6,0.14,
Carlos,Washington Jr.,RB,,3,2026-09-27,Thu-Mon,MIA,KC,+11.5,45.5,17,4000,17,0.0,0.0,,0.6,0.14,
Kendall,Milton,RB,,3,2026-09-27,Thu-Mon,CIN,PIT,-3.5,42.5,23,4000,26,0.1,0.1,,0.6,0.14,
Colbie,Young,WR,,3,2026-09-27,Thu-Mon,CIN,PIT,-3.5,42.5,23,3000,2,1.7,1.7,1.7,0.6,0.21,
Myles,Price,WR,,3,2026-09-27,Thu-Mon,MIN,TB,-1.5,42.5,22,3000,8,-0.8,-0.8,0.0,0.6,0.21,
Brady,Russell,RB,,3,2026-09-27,Thu-Mon,SEA,WAS,-6.5,40.5,23.5,4000,1,0.8,0.4,4.0,0.6,0.14,
Tay,Martin,WR,,3,2026-09-27,Thu-Mon,DET,NYJ,-6.5,47.5,27,3000,10,3.2,2.7,,0.5,0.16,
Dareke,Young,WR,Q,3,2026-09-27,Thu-Mon,LV,NO,+3.5,43.5,20,3000,20,2.1,1.1,3.7,0.5,0.15,
Tyrone,Tracy Jr.,RB,,3,2026-09-27,Thu-Mon,NYG,TEN,-5.5,42.5,24,4100,21,14.7,12.7,0.4,0.5,0.12,
Julius,Chestnut,RB,,3,2026-09-27,Thu-Mon,TEN,NYG,+5.5,42.5,18.5,4000,25,0.2,0.7,,0.5,0.12,
Tyler,Goodson,RB,,3,2026-09-27,Thu-Mon,DAL,BAL,+3.5,52.5,24.5,4000,19,0.7,0.9,,0.4,0.09,
Ronnie,Rivers,RB,Q,3,2026-09-27,Thu-Mon,LAR,DEN,-2.5,45.5,24,4000,29,1.6,2.1,3.4,0.4,0.09,
Cody,Schrader,RB,,3,2026-09-27,Thu-Mon,DEN,LAR,+2.5,45.5,21.5,4000,9,1.0,1.0,,0.4,0.09,
Tom,Kennedy,WR,,3,2026-09-27,Thu-Mon,DET,NYJ,-6.5,47.5,27,3000,10,1.5,2.1,,0.4,0.12,
Jelani,Woods,TE,,3,2026-09-27,Thu-Mon,NYJ,DET,+6.5,47.5,20.5,2500,32,3.1,4.4,,0.4,0.17,
Drew,Ogletree,TE,,3,2026-09-27,Thu-Mon,IND,HOU,+2.5,42.5,20,2500,18,2.5,1.6,0.0,0.4,0.17,
Cameron,Latu,TE,,3,2026-09-27,Thu-Mon,NE,JAX,+2.5,45.5,21.5,2500,14,,,,0.4,0.14,
Corey,Kiner,RB,,3,2026-09-27,Thu-Mon,NE,JAX,+2.5,45.5,21.5,4000,15,1.9,1.7,0.6,0.4,0.09,
Chris,Manhertz,TE,,3,2026-09-27,Thu-Mon,NYG,TEN,-5.5,42.5,24,2500,8,1.3,0.7,,0.4,0.15,
Patrick,Ricard,RB,,3,2026-09-27,Thu-Mon,NYG,TEN,-5.5,42.5,24,4000,21,0.4,0.5,0.0,0.4,0.09,
Tahj,Brooks,RB,,3,2026-09-27,Thu-Mon,CIN,PIT,-3.5,42.5,23,4000,26,0.9,1.1,,0.4,0.11,
Devin,Duvernay,WR,,3,2026-09-27,Thu-Mon,ARI,SF,+8.5,47.5,19.5,3000,7,1.2,2.2,,0.4,0.14,
Jordan,James,RB,,3,2026-09-27,Thu-Mon,SF,ARI,-8.5,47.5,28,4000,4,3.0,3.0,1.5,0.4,0.09,
Jerome,Ford,RB,,3,2026-09-27,Thu-Mon,MIN,TB,-1.5,42.5,22,4000,16,1.5,2.7,,0.4,0.09,
Roschon,Johnson,RB,,3,2026-09-28,Thu-Mon,CHI,PHI,+4.5,42.5,19,4000,13,1.9,3.4,,0.3,0.07,
Jaydon,Blue,RB,,3,2026-09-28,Thu-Mon,PHI,CHI,-4.5,42.5,23.5,4000,24,4.1,4.1,,0.3,0.08,
Rasheen,Ali,RB,,3,2026-09-27,Thu-Mon,BAL,DAL,-3.5,52.5,28,4000,23,3.9,2.4,,0.3,0.08,
Tyler,Conklin,TE,,3,2026-09-27,Thu-Mon,DET,NYJ,-6.5,47.5,27,2500,4,2.0,6.6,,0.3,0.11,
Deion,Burks,WR,,3,2026-09-27,Thu-Mon,IND,HOU,+2.5,42.5,20,3300,32,1.4,1.4,1.4,0.3,0.10,
Seydou,Traore,TE,,3,2026-09-27,Thu-Mon,MIA,KC,+11.5,45.5,17,2500,24,,,,0.3,0.13,
Travis,Homer,RB,,3,2026-09-27,Thu-Mon,PIT,CIN,+3.5,42.5,19.5,4000,14,1.2,0.6,1.6,0.3,0.07,
Kaden,Wetjen,WR,,3,2026-09-27,Thu-Mon,PIT,CIN,+3.5,42.5,19.5,3000,9,,,,0.3,0.10,
Kameron,Johnson,WR,,3,2026-09-27,Thu-Mon,TB,MIN,+1.5,42.5,20.5,3000,24,3.7,2.1,,0.3,0.11,
Frank,Gore Jr.,RB,,3,2026-09-27,Thu-Mon,BUF,LAC,-7.5,50.5,29,4000,10,1.0,1.0,0.3,0.2,0.05,
Amar,Johnson,RB,,3,2026-09-27,Thu-Mon,LAC,BUF,+7.5,50.5,21.5,4000,27,0.8,0.8,,0.2,0.05,
Britain,Covey,WR,,3,2026-09-28,Thu-Mon,PHI,CHI,-4.5,42.5,23.5,3000,14,2.9,2.3,,0.2,0.07,
Salvon,Ahmed,RB,,3,2026-09-28,Thu-Mon,CHI,PHI,+4.5,42.5,19,4000,13,6.9,5.1,,0.2,0.04,
Zavier,Scott,RB,,3,2026-09-28,Thu-Mon,CHI,PHI,+4.5,42.5,19,4000,13,3.1,4.5,,0.2,0.04,
Carson,Steele,RB,,3,2026-09-28,Thu-Mon,PHI,CHI,-4.5,42.5,23.5,4000,24,0.9,0.7,,0.2,0.05,
Zavion,Thomas,WR,,3,2026-09-28,Thu-Mon,CHI,PHI,+4.5,42.5,19,3000,11,,,,0.2,0.07,
Carsen,Ryan,TE,,3,2026-09-27,Thu-Mon,CLE,CAR,+2.5,42.5,20,2500,7,,,,0.2,0.07,
Jonathan,Ward,RB,,3,2026-09-27,Thu-Mon,BAL,DAL,-3.5,52.5,28,4000,23,0.4,0.3,,0.2,0.04,
Adam,Prentice,RB,,3,2026-09-27,Thu-Mon,DEN,LAR,+2.5,45.5,21.5,4000,9,0.3,1.4,1.2,0.2,0.05,
Andrew,Beck,RB,,3,2026-09-27,Thu-Mon,NYJ,DET,+6.5,47.5,20.5,4000,22,2.9,2.3,,0.2,0.04,
British,Brooks,RB,,3,2026-09-27,Thu-Mon,HOU,IND,-2.5,42.5,22.5,4000,30,1.6,1.0,,0.2,0.04,
DJ,Giddens,RB,Q,3,2026-09-27,Thu-Mon,IND,HOU,+2.5,42.5,20,4000,2,1.9,1.9,,0.2,0.05,
Reggie,Gilliam,RB,,3,2026-09-27,Thu-Mon,NE,JAX,+2.5,45.5,21.5,4000,15,1.2,0.7,1.4,0.2,0.04,
Ryan,Miller,WR,,3,2026-09-27,Thu-Mon,MIA,KC,+11.5,45.5,17,3200,3,5.2,4.2,14.7,0.2,0.05,
Nikko,Remigio,WR,,3,2026-09-27,Thu-Mon,KC,MIA,-11.5,45.5,28.5,3000,6,0.8,1.1,,0.2,0.08,
Nate,Carter,RB,,3,2026-09-27,Thu-Mon,KC,MIA,-11.5,45.5,28.5,4000,31,2.5,2.5,,0.2,0.04,
Zamir,White,RB,,3,2026-09-27,Thu-Mon,NO,LV,-3.5,43.5,23.5,4000,12,1.9,2.5,,0.2,0.04,
Nick,Singleton,RB,,3,2026-09-27,Thu-Mon,TEN,NYG,+5.5,42.5,18.5,4000,25,1.0,1.0,1.0,0.2,0.04,
Riley,Nowakowski,RB,,3,2026-09-27,Thu-Mon,PIT,CIN,+3.5,42.5,19.5,4000,14,,,,0.2,0.05,
Jack,Endries,TE,,3,2026-09-27,Thu-Mon,CIN,PIT,-3.5,42.5,23,2500,2,,,,0.2,0.08,
Sincere,McCormick,RB,,3,2026-09-27,Thu-Mon,SF,ARI,-8.5,47.5,28,4000,4,5.4,5.4,,0.2,0.04,
Evan,Hull,RB,,3,2026-09-27,Thu-Mon,ARI,SF,+8.5,47.5,19.5,4000,18,1.0,1.0,,0.2,0.04,
Payne,Durham,TE,,3,2026-09-27,Thu-Mon,TB,MIN,+1.5,42.5,20.5,2500,10,0.4,3.1,,0.2,0.10,
Josh,Williams,RB,,3,2026-09-27,Thu-Mon,TB,MIN,+1.5,42.5,20.5,4000,5,1.1,1.1,,0.2,0.05,
Max,Bredeson,RB,,3,2026-09-27,Thu-Mon,MIN,TB,-1.5,42.5,22,4000,16,,,,0.2,0.05,
Bauer,Sharp,TE,,3,2026-09-27,Thu-Mon,TB,MIN,+1.5,42.5,20.5,2500,10,,,,0.2,0.06,
Velus,Jones Jr.,RB,,3,2026-09-27,Thu-Mon,SEA,WAS,-6.5,40.5,23.5,4000,1,0.6,0.8,,0.2,0.04,
Craig,Reynolds,RB,,3,2026-09-27,Thu-Mon,WAS,SEA,+6.5,40.5,17,4000,7,3.2,1.9,,0.2,0.05,
Jacardia,Wright,RB,,3,2026-09-27,Thu-Mon,SEA,WAS,-6.5,40.5,23.5,4000,1,2.0,2.0,,0.2,0.05,
Michael,Burton,RB,,3,2026-09-27,Thu-Mon,CLE,CAR,+2.5,42.5,20,4000,32,2.2,2.0,,0.1,0.03,
Eli,Heidenreich,RB,,3,2026-09-27,Thu-Mon,PIT,CIN,+3.5,42.5,19.5,4000,14,,,,0.1,0.03,
Robert,Henry Jr.,RB,,3,2026-09-27,Thu-Mon,WAS,SEA,+6.5,40.5,17,4000,7,,,,0.1,0.03,
David,Njoku,TE,O,3,2026-09-27,Thu-Mon,LAC,BUF,+7.5,50.5,21.5,2700,23,4.8,7.5,6.4,0.0,0.00,
Tyrell,Shavers,WR,O,3,2026-09-27,Thu-Mon,BUF,LAC,-7.5,50.5,29,3000,26,6.5,4.8,,0.0,0.00,
Charlie,Kolar,TE,O,3,2026-09-27,Thu-Mon,LAC,BUF,+7.5,50.5,21.5,2500,23,2.7,3.5,5.1,0.0,0.00,
Joe,Royer,TE,O,3,2026-09-27,Thu-Mon,CLE,CAR,+2.5,42.5,20,2500,7,,,,0.0,0.00,
Josh,Jacobs,RB,O,3,2026-09-24,Thu-Mon,GB,ATL,-6.5,43.5,25,6300,6,10.9,12.3,,0.0,0.00,
Luke,Musgrave,TE,O,3,2026-09-24,Thu-Mon,GB,ATL,-6.5,43.5,25,2500,29,5.1,4.1,,0.0,0.00,
Nico,Collins,WR,O,3,2026-09-27,Thu-Mon,HOU,IND,-2.5,42.5,22.5,7000,29,13.7,16.7,21.2,0.0,0.00,
Mason,Tipton,WR,O,3,2026-09-27,Thu-Mon,NO,LV,-3.5,43.5,23.5,3000,5,4.1,2.4,,0.0,0.00,
Demarcus,Robinson,WR,O,3,2026-09-27,Thu-Mon,SF,ARI,-8.5,47.5,28,3800,27,10.4,7.5,9.7,0.0,0.00,
Brandon,Aiyuk,WR,O,3,2026-09-27,Thu-Mon,SF,ARI,-8.5,47.5,28,3000,27,10.5,9.5,,0.0,0.00,
Isaac,Guerendo,RB,O,3,2026-09-27,Thu-Mon,SF,ARI,-8.5,47.5,28,4000,4,12.3,8.2,,0.0,0.00,
Tip,Reiman,TE,O,3,2026-09-27,Thu-Mon,ARI,SF,+8.5,47.5,19.5,2500,3,1.0,1.2,,0.0,0.00,
Jeshaun,Jones,WR,O,3,2026-09-27,Thu-Mon,MIN,TB,-1.5,42.5,22,3000,8,,,,0.0,0.00,
Zach,Charbonnet,RB,O,3,2026-09-27,Thu-Mon,SEA,WAS,-6.5,40.5,23.5,4000,1,14.1,12.1,,0.0,0.00,
