Player,Positions,Team,Multiplier,Overall,Franchise,Rookie,Tradeable,Salary,Collection,Status,Expires
"Ja'Marr Chase","Wr","CIN","1.5","144","No","No","Yes","11700","2025 Core","Active","2026-12-05"
"Xavier Hutchinson","Wr","HOU","1.5","52","No","No","Yes","4800","2025 Core","Active","2027-01-03"
"Ladd McConkey","Wr","LAC","1.3","104","No","No","Yes","7670","2025 Core","Active","2027-01-03"
"Geno Smith","Qb","NYJ","1.5","72","No","No","Yes","6900","2025 Core","Active","2027-01-03"
"Hollywood Brown","Wr","PHI","1.4","67","No","No","Yes","5320","2025 Core","Active","2027-01-04"
"Kimani Vidal","Rb","LAC","1","47","No","No","Yes","4800","2025 Core","Active","2027-01-04"
"Theo Johnson","Te","NYG","1.4","67","No","No","Yes","3920","2025 Core","Active","2027-01-04"
"Malik Nabers","Wr","NYG","1.5","128","Yes","No","No","10200","2025 Core","Active","N/A"
"Nico Collins","Wr","HOU","1.4","123","No","No","Yes","9800","2025 Core","Listed","2026-10-16"
"Garrett Wilson","Wr","NYJ","1.3","98","Yes","No","Yes","7540","2024 Core","Active","N/A"
"DeVonta Smith","Wr","PHI","1.2","96","No","No","Yes","7920","2025 Core","Active","2026-11-18"
"Travis Etienne Jr.","Rb","NO","1.4","98","No","No","Yes","8260","2025 Core","Active","2026-09-30"
"Chris Olave","Wr","NO","1.3","98","No","No","No","8710","2025 Core WR","Active","2026-11-18"
"Josh Allen","Qb","BUF","1.4","140","Yes","No","No","9800","2024 Core","Active","N/A"
"Jayden Daniels","Qb","WAS","1.5","134","Yes","No","No","9750","2024 Core","Active","N/A"
"Jahmyr Gibbs","Rb","DET","1.3","126","No","No","Yes","10400","2025 Core","Active","2026-11-18"
"Courtland Sutton","Wr","DEN","1.5","116","No","No","No","9000","2025 Core","Active","2026-10-17"
"Jaxon Smith-Njigba","Wr","SEA","1.4","140","No","No","No","10640","2025 Core WR","Active","2026-09-13"
"Lamar Jackson","Qb","BAL","1.3","121","No","No","No","8840","2025 Core","Active","2026-10-17"
"De'Zhaun Stribling","Wr","SF","1.5","46","No","No","No","7650","2026 Core","Active","2027-08-03"
"Jaxson Dart","Qb","NYG","1.2","84","No","No","No","6720","2026 Core QB","Active","2027-08-03"
"Rhamondre Stevenson","Rb","NE","1.1","70","No","No","No","6270","2026 Core RB","Active","2027-08-03"
"Durham Smythe","Te","BAL","1.5","45","No","No","No","3750","2026 Core TE","Active","2027-08-03"
"Xavier Worthy","Wr","KC","1","71","No","No","No","4500","2026 Core WR","Active","2027-08-03"
"Michael Wilson","Wr","ARI","1.4","85","No","No","No","7420","2026 Core","Active","2027-08-03"
"Christian Kirk","Wr","SF","1","46","No","No","No","3000","2026 Core","Active","2027-08-03"
"Emanuel Wilson","Rb","SEA","1.3","44","No","No","No","5590","2026 Core","Active","2027-08-03"
"Austin Hooper","Te","ATL","1.5","42","No","No","No","4050","2026 Core","Active","2027-08-03"
"Dallas Goedert","Te","PHI","1.4","84","No","No","No","5740","2026 Core","Active","2027-08-04"
"Tua Tagovailoa","Qb","ATL","1.1","57","No","No","No","5280","2026 Core QB","Active","2027-08-04"
"Noah Gray","Te","KC","1.5","52","No","No","Yes","4500","2026 Core","Active","2027-08-04"
"Keaton Mitchell","Rb","LAC","1.3","39","No","No","Yes","6240","2026 Core","Active","2027-08-04"
"TreVeyon Henderson","Rb","NE","1","79","No","No","No","5200","2026 Core","Active","2027-08-04"
"Tyler Allgeier","Rb","ARI","1","56","No","No","No","4900","2026 Core","Active","2027-08-04"
"Malachi Fields","Wr","NYG","1.2","40","No","No","No","5160","2026 Core","Active","2027-08-04"
"Tyler Higbee","Te","LAR","1","44","No","No","Yes","3200","2026 Core","Active","2027-08-04"
"Deshaun Watson","Qb","CLE","1.3","58","No","No","No","6110","2026 Core QB","Active","2027-08-04"
"Malik Washington","Wr","MIA","1.2","47","No","No","No","5040","2026 Core WR","Active","2027-08-04"
"Rico Dowdle","Rb","PIT","1.1","56","No","No","No","5720","2026 Core RB","Active","2027-08-04"
"Sam Darnold","Qb","SEA","1.4","97","No","No","Yes","7700","2025 Core","Active","2026-11-18"
"Jake Ferguson","Te","DAL","1.4","91","No","No","Yes","5460","2025 Core","Active","2026-11-18"
"Trey McBride","Te","ARI","1.3","130","No","No","Yes","8840","2025 Core","Active","2026-11-18"
"Patrick Mahomes","Qb","KC","1.3","118","No","No","Yes","7150","2025 Core","Active","2026-11-18"
"De'Von Achane","Rb","MIA","1.4","127","No","No","Yes","9800","2025 Core","Active","2026-10-17"
"Trevor Lawrence","Qb","JAX","1.4","111","No","No","No","8120","2025 Core QB","Active","2026-09-24"
"Ashton Jeanty","Rb","LV","1.3","114","No","No","Yes","8580","2025 Core","Listed","2026-10-17"
"Baker Mayfield","Qb","TB","1.5","124","No","No","Yes","8850","Primetime-QB","Active","2026-11-18"
"Derrick Henry","Rb","BAL","1.2","109","Yes","No","Yes","8040","2025 Core","Active","N/A"
"Jahmyr Gibbs","Rb","DET","1.4","136","No","No","Yes","11200","2025 Core","Active","2026-09-27"
"Sam Darnold","Qb","SEA","1.5","104","No","No","Yes","8250","2025 Core","Active","2026-09-27"
"Sean Tucker","Rb","TB","1.4","46","No","No","Yes","6580","Primetime-All","Active","2026-11-18"
"Christian McCaffrey","Rb","SF","1","99","No","No","Yes","7500","Primetime-RB","Active","2026-11-18"
"Caleb Williams","Qb","CHI","1.5","124","No","No","Yes","9450","2025 Core","Active","2026-11-18"
"Lamar Jackson","Qb","BAL","1.5","140","No","No","Yes","10200","2025 Core","Active","2026-11-18"
"Caleb Williams","Qb","CHI","1.3","108","No","No","Yes","8190","2025 Core","Active","2026-11-18"
"Dak Prescott","Qb","DAL","1.5","120","No","No","Yes","9600","2025 Core","Active","2026-11-18"
"Baker Mayfield","Qb","TB","1.4","116","No","No","Yes","8260","2025 Core","Active","2026-11-18"
"Travis Etienne Jr.","Rb","NO","1.5","105","No","No","Yes","8850","2025 Core","Active","2026-10-03"
"Tyjae Spears","Rb","TEN","1.3","62","No","No","Yes","6630","2025 Core","Active","2026-11-18"
"Jahmyr Gibbs","Rb","DET","1.2","116","No","No","Yes","9600","2025 Core","Active","2026-11-18"
"Puka Nacua","Wr","LAR","1.4","136","No","No","Yes","10780","2025 Core","Listed","2026-10-04"
"Roman Wilson","Wr","PIT","1.5","45","No","No","Yes","4650","2025 Core","Active","2026-10-21"
"Davante Adams","Wr","LAR","1.3","105","No","No","Yes","8060","2025 Core","Listed","2026-10-21"
"George Pickens","Wr","DAL","1.5","130","No","No","No","9600","2025 Core WR","Active","2026-10-19"
"Baker Mayfield","Qb","TB","1.4","116","No","No","No","8260","2025 Core QB","Active","2026-10-19"
"Patrick Mahomes","Qb","KC","1.4","127","No","No","Yes","7700","Primetime-QB","Active","2026-09-16"
"D'Andre Swift","Rb","CHI","1.2","95","No","No","Yes","7320","2025 Core","Active","2027-01-11"
"Mike Evans","Wr","SF","1.5","114","No","No","Yes","9150","2025 Core","Active","2027-01-11"
"Tyrone Tracy Jr.","Rb","NYG","1.5","105","No","No","Yes","7200","2025 Core","Active","2027-01-11"
"Jaylen Waddle","Wr","DEN","1.3","92","No","No","Yes","8190","2025 Core","Active","2027-01-11"
"Jaxson Dart","Qb","NYG","1.4","98","No","No","Yes","7840","2025 Core","Active","2027-01-11"
"Caleb Williams","Qb","CHI","1.4","116","No","No","Yes","8820","2025 Core","Active","2027-01-11"
"DK Metcalf","Wr","PIT","1.4","109","No","No","Yes","7560","2025 Core","Active","2027-01-11"
"Josh Jacobs","Rb","GB","1.3","114","No","No","Yes","8190","Primetime-RB","Active","2026-10-22"
"Geno Smith","Qb","NYJ","1.2","58","Yes","No","Yes","5520","2024 Core","Active","N/A"
"Jauan Jennings","Wr","MIN","1.5","96","No","No","Yes","6450","2025 Core","Active","2026-10-23"
"Jakobi Meyers","Wr","JAX","1.4","94","No","No","Yes","7000","2025 Core","Listed","2026-10-23"
"Christian McCaffrey","Rb","SF","1.4","139","No","No","Yes","10500","2025 Core","Listed","2026-10-23"
"Juwan Johnson","Te","NO","1.1","67","No","No","Yes","4070","2025 Core","Active","2026-11-02"
"Lamar Jackson","Qb","BAL","1.2","112","No","No","Yes","8160","2025 Core","Listed","2026-11-02"
"De'Von Achane","Rb","MIA","1.2","109","No","No","Yes","8400","2025 Core","Active","2026-11-02"
"Nico Collins","Wr","HOU","1.4","123","No","No","Yes","9800","2025 Core","Active","2026-11-01"
"Rhamondre Stevenson","Rb","NE","1.5","96","No","No","Yes","8550","2025 Core","Active","2026-10-23"
"Blake Corum","Rb","LAR","1.2","43","No","No","Yes","6240","2025 Core","Active","2026-10-23"
"Woody Marks","Rb","HOU","1.5","63","No","No","Yes","7500","Primetime-All","Active","2026-11-19"
"Jalen Hurts","Qb","PHI","1.4","129","No","No","Yes","9240","2025 Core","Listed","2026-10-23"
"Tyler Shough","Qb","NO","1.1","57","No","No","Yes","6160","2025 Core","Active","2026-11-23"
"Kenny Gainwell","Rb","TB","1.3","77","No","No","Yes","6760","2025 Core","Active","2026-11-23"
"Nico Collins","Wr","HOU","1.2","106","No","No","Yes","8400","2025 Core","Active","2026-11-23"
"Woody Marks","Rb","HOU","1.3","55","No","No","Yes","6500","2025 Core","Active","2026-11-23"
"Chris Olave","Wr","NO","1.3","98","No","No","Yes","8710","2025 Core","Active","2026-10-24"
"Ja'Marr Chase","Wr","CIN","1.5","144","No","No","Yes","11700","2025 Core","Listed","2026-11-03"
"Emeka Egbuka","Wr","TB","1.3","91","No","No","Yes","8060","2025 Core","Active","2026-11-18"
"Amon-Ra St. Brown","Wr","DET","1.4","132","No","No","Yes","10500","2025 Core","Active","2026-10-28"
"Jayden Higgins","Wr","HOU","1.4","71","No","No","Yes","6300","Primetime-WR","Active","2026-11-18"
"Tee Higgins","Wr","CIN","1.4","116","No","No","Yes","8820","2025 Core","Listed","2026-10-21"
"Tyler Warren","Te","IND","1.1","91","No","No","No","5390","2025 Core","Active","2027-01-13"
"Michael Pittman Jr.","Wr","PIT","1.3","83","No","No","No","6370","2025 Core WR","Active","2027-01-13"
"Xavier Hutchinson","Wr","HOU","1.2","42","No","No","No","3840","2025 Core WR","Active","2027-01-13"
"Harold Fannin Jr.","Te","CLE","1.4","88","No","No","No","5880","2025 Core","Active","2027-01-13"
"Isaiah Davis","Rb","NYJ","1.5","44","No","No","No","6300","2025 Core","Active","2027-01-13"
"Oronde Gadsden","Te","LAC","1.4","70","No","No","No","4900","2025 Core","Active","2027-01-13"
"Lamar Jackson","Qb","BAL","1.2","112","No","No","No","8160","2025 Core","Active","2027-01-13"
"Quentin Johnston","Wr","LAC","1.5","68","No","No","Yes","7050","2025 Core","Active","2026-11-12"
"Drake London","Wr","ATL","1.3","117","No","No","Yes","8450","2025 Core","Active","2026-10-29"
"Justin Jefferson","Wr","MIN","1.3","118","No","No","Yes","9490","2025 Core","Active","2026-10-29"
"DeVonta Smith","Wr","PHI","1.4","112","No","No","Yes","9240","2025 Core","Active","2026-10-29"
"Luther Burden III","Wr","CHI","1.5","90","No","No","Yes","8250","2025 Core","Active","2026-10-29"
"Jaxson Dart","Qb","NYG","1.2","84","No","No","Yes","6720","2025 Core","Listed","2026-10-29"
"George Kittle","Te","SF","1.4","119","No","No","Yes","6720","2025 Core","Listed","2026-10-29"
"Nico Collins","Wr","HOU","1.3","114","No","No","Yes","9100","2025 Core","Active","2026-11-04"
"Romeo Doubs","Wr","NE","1.4","57","No","No","Yes","6440","Primetime-WR","Active","2026-11-04"
"Brock Bowers","Te","LV","1.4","132","No","No","Yes","9660","2025 Core","Active","2026-11-05"
"Travis Etienne Jr.","Rb","NO","1.4","98","No","No","Yes","8260","2025 Core","Active","2026-11-05"
"Quentin Johnston","Wr","LAC","1.3","58","No","No","Yes","6110","2025 Core","Active","2026-11-05"
"Justin Herbert","Qb","LAC","1.5","111","No","No","Yes","9150","Primetime-QB","Active","2026-12-02"
"Kimani Vidal","Rb","LAC","1","47","No","No","Yes","4800","Primetime-RB","Active","2026-12-02"
"Dalton Schultz","Te","HOU","1.4","56","No","No","Yes","4760","Primetime-TE","Active","2026-12-02"
"Travis Etienne Jr.","Rb","NO","1.3","91","No","No","Yes","7670","2025 Core","Active","2026-11-06"
"Luther Burden III","Wr","CHI","1.2","72","No","No","No","6600","2025 Core","Active","2026-11-06"
"Jake Tonges","Te","SF","1.4","50","No","No","No","4620","2025 Core","Active","2026-11-06"
"Rome Odunze","Wr","CHI","1.5","105","No","No","No","8100","2025 Core","Active","2026-11-06"
"Jalen Hurts","Qb","PHI","1.1","101","No","No","No","7260","2025 Core QB","Active","2026-11-06"
"Mason Taylor","Te","NYJ","1.5","57","No","No","No","4200","2025 Core TE","Active","2026-11-06"
"Hunter Henry","Te","NE","1.5","86","No","No","Yes","5700","2025 Core","Active","2026-11-06"
"Hunter Henry","Te","NE","1.2","68","No","No","Yes","4560","2025 Core","Active","2026-11-06"
"Blake Corum","Rb","LAR","1.2","43","No","No","No","6240","2025 Core","Active","2026-11-06"
"DeVonta Smith","Wr","PHI","1","80","No","No","No","6600","2025 Core","Active","2026-11-06"
"Andrei Iosivas","Wr","CIN","1.3","43","No","No","No","4290","2025 Core","Active","2026-11-06"
"Dak Prescott","Qb","DAL","1.2","96","No","No","No","7680","2025 Core","Active","2026-11-06"
"Jalen Coker","Wr","CAR","1.2","52","No","No","Yes","5520","2025 Core","Active","2026-11-06"
"Puka Nacua","Wr","LAR","1.3","126","No","No","Yes","10010","2025 Core","Active","2026-11-07"
"Tee Higgins","Wr","CIN","1.5","124","No","No","Yes","9450","2025 Core","Active","2026-11-07"
"Kyren Williams","Rb","LAR","1.3","112","No","No","Yes","8060","2025 Core","Active","2026-11-08"
"Alvin Kamara","Rb","NO","1.5","114","No","No","No","7350","2025 Core","Active","2026-11-10"
"Tre Tucker","Wr","LV","1.5","72","No","No","No","6000","2025 Core WR","Active","2026-11-10"
"CeeDee Lamb","Wr","DAL","1.4","126","No","No","Yes","10360","2025 Core","Active","2026-11-10"
"Josh Allen","Qb","BUF","1.2","120","No","No","Yes","8400","2025 Core","Active","2026-11-11"
"TreVeyon Henderson","Rb","NE","1.4","111","No","No","Yes","7280","Primetime-All","Active","2026-11-11"
"Jalen Hurts","Qb","PHI","1.5","138","No","No","Yes","9900","Primetime-QB","Active","2026-11-11"
"CeeDee Lamb","Wr","DAL","1.2","108","No","No","Yes","8880","2025 Core","Active","2026-11-12"
"Jaylen Waddle","Wr","DEN","1.5","106","No","No","Yes","9450","2025 Core","Active","2026-11-11"
"Brian Thomas Jr.","Wr","JAX","1.4","115","No","No","No","7700","2025 Core","Active","2026-11-11"
"Matthew Golden","Wr","GB","1.3","79","No","No","No","6110","2025 Core WR","Active","2026-12-02"
"Derrick Henry","Rb","BAL","1.4","127","No","No","Yes","9380","2025 Core","Active","2026-12-02"
"Harold Fannin Jr.","Te","CLE","1","63","No","No","Yes","4200","2025 Core","Active","2026-12-02"
"Tre Tucker","Wr","LV","1.5","72","No","No","Yes","6000","2025 Core","Active","2026-12-02"
"Kyle Monangai","Rb","CHI","1.5","80","No","No","Yes","7650","2025 Core","Active","2026-12-02"
"Pat Bryant","Wr","DEN","1.4","45","No","No","Yes","5880","2025 Core","Active","2026-12-02"
"Marvin Mims Jr.","Wr","DEN","1.5","75","No","No","Yes","4800","2025 Core","Active","2026-12-02"
"Rome Odunze","Wr","CHI","1.4","98","No","No","Yes","7560","2025 Core","Active","2026-11-12"
"Quentin Johnston","Wr","LAC","1.4","63","No","No","Yes","6580","2025 Core","Active","2026-11-12"
"Dallas Goedert","Te","PHI","1.5","90","No","No","Yes","6150","Primetime-TE","Active","2026-11-12"
"Drake Maye","Qb","NE","1.1","94","No","No","Yes","6600","2025 Core","Active","2026-11-13"
"Dak Prescott","Qb","DAL","1.5","120","No","No","Yes","9600","Primetime-QB","Active","2026-09-23"
"Breece Hall","Rb","NYJ","1.4","112","No","No","Yes","8680","2025 Core","Active","2026-11-14"
"Travis Kelce","Te","KC","1.4","111","No","No","Yes","5600","2025 Core","Active","2026-11-14"
"James Cook III","Rb","BUF","1.4","123","No","No","Yes","10080","2025 Core","Active","2026-11-14"
"Jaylen Warren","Rb","PIT","1.4","101","No","No","Yes","7560","2025 Core","Active","2026-11-14"
"Jaylen Warren","Rb","PIT","1.4","101","No","No","Yes","7560","2025 Core","Active","2026-11-14"
"Drake Maye","Qb","NE","1.3","110","No","No","Yes","7800","2025 Core","Active","2026-11-14"
"Trevor Lawrence","Qb","JAX","1.2","95","Yes","No","Yes","6960","2025 Core","Active","N/A"
"Garrett Wilson","Wr","NYJ","1.5","112","No","No","Yes","8700","2025 Core","Active","2026-11-14"
"Jaxson Dart","Qb","NYG","1.4","98","Yes","No","Yes","7840","2025 Core","Active","N/A"
"Brian Thomas Jr.","Wr","JAX","1.5","123","No","No","Yes","8250","2025 Core","Active","2026-11-14"
"Quentin Johnston","Wr","LAC","1.3","58","No","No","Yes","6110","2025 Core","Active","2026-11-14"
"Justin Jefferson","Wr","MIN","1","91","No","No","Yes","7300","2025 Core","Active","2026-11-14"
"CeeDee Lamb","Wr","DAL","1.1","99","No","No","Yes","8140","2025 Core","Active","2026-11-14"
"Jaxson Dart","Qb","NYG","1.2","84","No","No","No","6720","2025 Core QB","Active","2026-11-15"
"Terry McLaurin","Wr","WAS","1.3","101","No","No","Yes","7410","2025 Core","Active","2026-11-15"
"Travis Etienne Jr.","Rb","NO","1.1","77","No","No","Yes","6490","2025 Core","Active","2026-11-15"
"Sam LaPorta","Te","DET","1.3","105","No","No","Yes","5720","2025 Core","Active","2026-11-15"
"Justin Herbert","Qb","LAC","1.4","104","No","No","Yes","8540","2025 Core","Active","2026-11-15"
"Isaac TeSlaa","Wr","DET","1.5","56","No","No","Yes","5850","Primetime-All","Active","2026-12-02"
"Jake Ferguson","Te","DAL","1.3","84","No","No","Yes","5070","Primetime-TE","Active","2026-12-03"
"Puka Nacua","Wr","LAR","1.4","136","No","No","Yes","10780","2025 Core","Active","2026-12-05"
"C.J. Stroud","Qb","HOU","1.4","92","No","No","Yes","7280","2025 Core","Active","2026-12-05"
"Dallas Goedert","Te","PHI","1.4","84","No","No","Yes","5740","2025 Core","Active","2026-12-05"
"De'Von Achane","Rb","MIA","1.3","118","No","No","Yes","9100","Primetime-RB","Active","2026-12-09"
"Kyle Pitts Sr.","Te","ATL","1.4","98","No","No","Yes","6580","Primetime-TE","Active","2026-12-09"
"Cade Otton","Te","TB","1.5","82","No","No","Yes","5550","Primetime-TE","Active","2026-12-09"
"CeeDee Lamb","Wr","DAL","1.4","126","No","No","Yes","10360","Primetime-WR","Active","2026-12-09"
"Deebo Samuel Sr.","Wr","SF","1.1","61","No","No","Yes","5500","2025 Core","Active","2026-12-10"
"Brian Thomas Jr.","Wr","JAX","1.1","90","No","No","Yes","6050","2025 Core","Active","2026-12-10"
"Davante Adams","Wr","LAR","1.3","105","No","No","No","8060","2025 Core WR","Active","2026-12-10"
"Christian Watson","Wr","GB","1.1","63","No","No","No","6490","2025 Core WR","Active","2026-12-10"
"Kyle Monangai","Rb","CHI","1.4","74","No","No","No","7140","2025 Core RB","Active","2026-12-10"
"Chuba Hubbard","Rb","CAR","1.5","110","No","No","No","8250","2025 Core RB","Active","2026-12-10"
"Baker Mayfield","Qb","TB","1.3","108","No","No","No","7670","2025 Core","Active","2026-12-10"
"Chris Olave","Wr","NO","1.4","105","No","No","Yes","9380","2025 Core","Active","2026-12-10"
"Andrei Iosivas","Wr","CIN","1.1","36","Yes","No","Yes","3630","2025 Core","Active","N/A"
"Kirk Cousins","Qb","LV","1.1","41","No","No","Yes","5500","2025 Core","Active","2026-12-10"
"Blake Corum","Rb","LAR","1.4","50","No","No","Yes","7280","2025 Core","Active","2026-12-10"
"Evan Engram","Te","DEN","1.5","102","No","No","Yes","5100","2025 Core","Active","2026-12-10"
"Colston Loveland","Te","CHI","1.3","100","No","No","Yes","6890","2025 Core","Active","2026-12-12"
"Ollie Gordon II","Rb","MIA","1.4","67","No","No","Yes","6300","2025 Core","Active","2026-12-12"
"Rashod Bateman","Wr","BAL","1.5","62","No","No","Yes","5850","2025 Core","Active","2026-12-12"
"Colston Loveland","Te","CHI","1","77","No","No","Yes","5300","2025 Core","Active","2026-12-12"
"Bijan Robinson","Rb","ATL","1.5","147","No","No","No","11550","2025 Core","Active","2027-01-25"
"Brian Thomas Jr.","Wr","JAX","1.2","98","No","No","No","6600","2025 Core","Active","2027-01-25"
"Alec Pierce","Wr","IND","1.1","66","No","No","No","6270","2025 Core","Active","2027-01-25"
"Tetairoa McMillan","Wr","CAR","1.4","108","No","No","No","8540","2025 Core","Active","2027-01-25"
"DeVonta Smith","Wr","PHI","1.3","104","No","No","Yes","8580","2025 Core","Active","2026-12-13"
"Juwan Johnson","Te","NO","1.3","79","No","No","Yes","4810","2025 Core","Active","2026-12-14"
"Tyler Warren","Te","IND","1.5","124","No","No","Yes","7350","2025 Core","Active","2026-12-14"
"Quentin Johnston","Wr","LAC","1.5","68","No","No","Yes","7050","2025 Core","Active","2026-12-14"
"Jaxson Dart","Qb","NYG","1.2","84","No","No","Yes","6720","2025 Core","Active","2026-12-14"
"Wan'Dale Robinson","Wr","TEN","1.5","93","No","No","Yes","7200","2025 Core","Active","2026-12-14"
"Isaiah Likely","Te","NYG","1.2","49","No","No","Yes","5160","Primetime-TE","Active","2026-12-16"
"Jonathan Taylor","Rb","IND","1.4","130","No","No","Yes","10220","Primetime-RB","Active","2026-12-16"
"Lamar Jackson","Qb","BAL","1.5","140","No","No","Yes","10200","Primetime-All","Active","2026-12-16"
"Tee Higgins","Wr","CIN","1.3","108","No","No","Yes","8190","2025 Core","Active","2026-12-19"
"C.J. Stroud","Qb","HOU","1.5","99","No","No","Yes","7800","2025 Core","Active","2026-12-21"
"Jaxon Smith-Njigba","Wr","SEA","1.4","140","No","No","Yes","10640","2025 Core","Active","2026-12-21"
"Jaylen Waddle","Wr","DEN","1.4","99","No","No","Yes","8820","2025 Core","Active","2026-12-21"
"RJ Harvey","Rb","DEN","1.5","98","No","No","Yes","8100","2025 Core","Active","2026-12-21"
"Jameson Williams","Wr","DET","1.3","99","No","No","Yes","7800","2025 Core","Active","2026-12-21"
"Travis Kelce","Te","KC","1.3","103","No","No","Yes","5200","2025 Core","Active","2026-12-21"
"Aaron Rodgers","Qb","PIT","1.5","82","No","No","Yes","7950","2025 Core","Active","2026-12-21"
"Michael Wilson","Wr","ARI","1.5","92","No","No","Yes","7950","2025 Core","Active","2026-12-21"
"Christian McCaffrey","Rb","SF","1.5","148","No","No","Yes","11250","2025 Core","Active","2026-12-21"
"Baker Mayfield","Qb","TB","1.5","124","No","No","Yes","8850","2025 Core","Active","2026-12-21"
"Rico Dowdle","Rb","PIT","1.5","76","No","No","Yes","7800","2025 Core","Active","2026-12-21"
"Trevor Lawrence","Qb","JAX","1.3","103","No","No","Yes","7540","2025 Core","Active","2026-12-21"
"Dalton Kincaid","Te","BUF","1","64","No","No","Yes","4600","2025 Core","Active","2026-12-21"
"Jaylen Warren","Rb","PIT","1.4","101","No","No","Yes","7560","2025 Core","Active","2027-02-08"
"Emeka Egbuka","Wr","TB","1.5","105","No","No","Yes","9300","2025 Core","Active","2027-02-08"
"Puka Nacua","Wr","LAR","1.5","146","No","No","Yes","11550","2025 Core","Active","2027-02-08"
"Juwan Johnson","Te","NO","1.5","92","No","No","Yes","5550","2025 Core","Active","2027-02-08"
"C.J. Stroud","Qb","HOU","1.5","99","No","No","Yes","7800","2025 Core","Active","2027-02-08"
"C.J. Stroud","Qb","HOU","1.3","86","No","No","Yes","6760","2025 Core","Active","2027-02-08"
"RJ Harvey","Rb","DEN","1.3","84","No","No","Yes","7020","2025 Core","Active","2027-02-08"
"Chase Brown","Rb","CIN","1.4","123","No","No","Yes","9940","2025 Core","Active","2027-02-08"
"Hunter Henry","Te","NE","1.4","80","No","No","Yes","5320","2025 Core","Active","2027-02-08"
"Breece Hall","Rb","NYJ","1.2","96","No","No","No","7440","2025 Core RB","Active","2027-02-08"
"Kyren Williams","Rb","LAR","1.4","120","No","No","No","8680","2025 Core RB","Active","2027-02-08"
"Tyler Warren","Te","IND","1.5","124","No","No","No","7350","2025 Core","Active","2027-02-08"
"Keon Coleman","Wr","BUF","1.2","67","No","No","No","4800","2025 Core WR","Active","2027-02-08"
"George Pickens","Wr","DAL","1.2","104","No","No","No","7680","2025 Core WR","Active","2027-02-08"
"Brock Purdy","Qb","SF","1.1","87","No","No","Yes","6270","2025 Core","Active","2027-02-08"
"Terry McLaurin","Wr","WAS","1.2","94","No","No","Yes","6840","2025 Core","Active","2027-02-08"
"Christian McCaffrey","Rb","SF","1.3","129","No","No","Yes","9750","2025 Core","Active","2027-02-08"
"Jalen Hurts","Qb","PHI","1","92","No","No","Yes","6600","2025 Core","Active","2027-02-08"
"Marvin Harrison Jr.","Wr","ARI","1.4","106","No","No","Yes","7000","2025 Core","Active","2027-02-08"
"Tony Pollard","Rb","TEN","1.3","95","No","No","Yes","7280","2025 Core","Active","2027-02-08"
"CeeDee Lamb","Wr","DAL","1.2","108","No","No","Yes","8880","2025 Core","Active","2027-02-08"
"DeVonta Smith","Wr","PHI","1.2","96","No","No","Yes","7920","2025 Core","Active","2027-02-08"
"Brock Purdy","Qb","SF","1.5","118","No","No","Yes","8550","2025 Core","Active","2027-02-08"
"James Cook III","Rb","BUF","1.4","123","No","No","Yes","10080","2025 Core","Active","2027-02-08"
"Rhamondre Stevenson","Rb","NE","1.4","90","No","No","Yes","7980","2025 Core","Active","2027-02-08"
"Zay Flowers","Wr","BAL","1.5","114","No","No","Yes","9600","2025 Core","Active","2027-02-08"
"Tez Johnson","Wr","TB","1.3","46","No","No","Yes","4030","2025 Core","Active","2027-02-08"
"Dallas Goedert","Te","PHI","1.1","66","No","No","Yes","4510","2025 Core","Active","2027-02-08"
"Luther Burden III","Wr","CHI","1","60","No","No","Yes","5500","2025 Core","Active","2027-02-08"
"Justin Herbert","Qb","LAC","1.3","96","No","No","Yes","7930","2025 Core","Active","2026-12-25"
"Khalil Shakir","Wr","BUF","1.5","94","No","No","No","7200","2025 Core","Active","2026-12-25"
"Davis Allen","Te","LAR","1.2","34","No","No","No","3000","2025 Core","Active","2026-12-25"
"Adonai Mitchell","Wr","NYJ","1.3","43","No","No","No","5200","2025 Core","Active","2026-12-25"
"Pat Freiermuth","Te","PIT","1.4","49","No","No","No","4760","2025 Core","Active","2026-12-25"
"Justice Hill","Rb","BAL","1.4","53","No","No","No","5880","2026 Core","Active","2027-08-10"
"Joe Burrow","Qb","CIN","1","92","No","No","Yes","6900","2025 Core","Active","2026-12-25"
"George Kittle","Te","SF","1.4","119","No","No","Yes","6720","2025 Core","Active","2026-12-25"
"Matthew Golden","Wr","GB","1.4","85","No","No","Yes","6580","2025 Core","Active","2026-12-25"
"Terry McLaurin","Wr","WAS","1.2","94","No","No","Yes","6840","2025 Core","Active","2026-12-25"
"Drake Maye","Qb","NE","1.3","110","Yes","No","Yes","7800","2025 Core","Listed","N/A"
"Saquon Barkley","Rb","PHI","1.3","114","No","No","Yes","8970","2025 Core","Active","2026-12-25"
"Jaxson Dart","Qb","NYG","1.2","84","No","No","Yes","6720","2025 Core","Active","2026-12-25"
"Kyle Pitts Sr.","Te","ATL","1.3","91","No","No","Yes","6110","2025 Core","Active","2026-12-25"
"Jameson Williams","Wr","DET","1.4","106","No","No","No","8400","2025 Core WR","Active","2026-12-25"
"Ja'Marr Chase","Wr","CIN","1","96","No","No","No","7800","2025 Core WR","Active","2026-12-25"
"Breece Hall","Rb","NYJ","1.3","104","No","No","Yes","8060","2025 Core","Active","2026-12-25"
"Jake Tonges","Te","SF","1.2","43","No","No","Yes","3960","2025 Core","Active","2026-12-25"
"Derrick Henry","Rb","BAL","1","91","No","No","Yes","6700","2025 Core","Active","2026-12-25"
"D'Andre Swift","Rb","CHI","1.3","103","No","No","Yes","7930","2025 Core","Active","2026-12-25"
"Drake Maye","Qb","NE","1.1","94","No","No","Yes","6600","2025 Core","Active","2027-01-03"
"Ray Davis","Rb","BUF","1.2","54","No","No","No","5520","2026 Core","Active","2027-08-13"
"Jameson Williams","Wr","DET","1","76","No","No","No","6000","2026 Core","Active","2027-08-12"
"Malik Washington","Wr","MIA","1.2","47","No","No","Yes","5040","2025 Core","Active","2026-11-11"
"Justin Jefferson","Wr","MIN","1.2","109","Yes","No","Yes","8760","2025 Core","Listed","N/A"
"KC Concepcion","Wr","CLE","1.1","68","No","No","No","5060","2026 Core","Active","2027-08-20"
"Blake Corum","Rb","LAR","1.4","50","No","No","No","7280","2026 Core","Active","2027-08-20"
"Ty Johnson","Rb","BUF","1.4","48","No","No","No","5880","2026 Core RB","Active","2027-08-20"
"Rico Dowdle","Rb","PIT","1.2","61","No","No","No","6240","2026 Core","Active","2027-08-20"
"Tyler Allgeier","Rb","ARI","1.4","78","No","No","No","6860","2026 Core","Active","2027-08-20"
"Ja'Marr Chase","Wr","CIN","1.1","106","No","No","No","8580","2026 Core","Active","2027-08-20"
"AJ Barner","Te","SEA","1.3","66","No","No","No","4680","2026 Core","Active","2027-08-20"
"Trey McBride","Te","ARI","1.4","140","Yes","No","Yes","9520","2024 Core","Listed","N/A"
"Pat Bryant","Wr","DEN","1.4","45","No","No","Yes","5880","2025 Core","Listed","2026-10-16"
"Dalton Kincaid","Te","BUF","1.3","83","No","No","No","5980","2026 Core","Active","2027-08-22"
"Quinshon Judkins","Rb","CLE","1.4","84","No","No","No","7700","2026 Core RB","Active","2027-08-26"
"Michael Mayer","Te","LV","1.2","44","No","No","No","3480","2026 Core TE","Active","2027-08-26"
"Elic Ayomanor","Wr","TEN","1.5","60","No","No","No","5400","2026 Core WR","Active","2027-08-26"
"Derrick Henry","Rb","BAL","1.2","109","No","No","No","8040","2025 Core","Active","2027-07-23"
"Dont'e Thornton Jr.","Wr","LV","1.2","0","No","No","No","3960","2025 Core","Active","2027-07-23"
"Tyrone Tracy Jr.","Rb","NYG","1","70","No","No","No","4800","2025 Core","Active","2027-07-23"
"Christian Kirk","Wr","SF","1.1","51","No","No","No","3300","2025 Core","Active","2027-07-23"
"Michael Mayer","Te","LV","1.3","48","No","No","No","3770","2025 Core","Active","2027-07-23"
"Cam Ward","Qb","TEN","1.2","68","No","No","No","6120","2026 Core","Active","2027-09-03"
"Tyrone Tracy Jr.","Rb","NYG","1.1","77","No","No","No","5280","2026 Core","Active","2027-09-03"
"Jaylen Waddle","Wr","DEN","1.3","92","No","No","No","8190","2026 Core","Active","2027-09-03"
"Davante Adams","Wr","LAR","1.4","113","No","No","No","8680","2026 Core","Active","2027-09-03"
"Tua Tagovailoa","Qb","ATL","1","52","No","No","No","4800","2026 Core","Active","2027-09-03"
"Roman Wilson","Wr","PIT","1","30","No","No","No","3100","2026 Core","Active","2027-09-03"
"Brenton Strange","Te","JAX","1","51","No","No","No","3600","2026 Core","Active","2027-09-03"
"Tyler Higbee","Te","LAR","1.1","48","No","No","No","3520","2026 Core","Active","2027-09-03"
"Khalil Shakir","Wr","BUF","1.3","82","No","No","No","6240","2026 Core","Active","2027-09-03"
"Dyami Brown","Wr","WAS","1.3","34","No","No","No","4160","2026 Core","Active","2027-09-03"
"Jaylin Noel","Wr","HOU","1.2","34","Yes","No","No","4320","2026 Core","Active","N/A"
"Keon Coleman","Wr","BUF","1.2","67","No","No","No","4800","2026 Core","Active","2027-09-03"
"Malachi Fields","Wr","NYG","1.1","36","No","No","No","4730","2026 Core","Active","2027-09-03"
"Aaron Rodgers","Qb","PIT","1.3","72","No","No","No","6890","2026 Core","Active","2027-09-03"
"Davis Allen","Te","LAR","1.5","42","No","No","No","3750","2026 Core TE","Active","2027-09-03"
"Theo Johnson","Te","NYG","1","48","No","No","No","2800","2026 Core TE","Active","2027-09-03"
"Jahan Dotson","Wr","ATL","1.5","68","No","No","No","5550","2026 Core WR","Active","2027-09-03"
"Sam Darnold","Qb","SEA","1.3","90","No","No","No","7150","2026 Core QB","Active","2027-09-03"
"Noah Gray","Te","KC","1.3","46","No","No","Yes","3900","2026 Core","Active","2027-09-03"
"Nicholas Singleton","Rb","TEN","1.4","56","No","No","No","6720","2026 Core RB","Active","2027-09-03"
"Emeka Egbuka","Wr","TB","1.4","98","No","No","No","8680","2026 Core","Active","2027-09-03"
"Germie Bernard","Wr","PIT","1.1","36","No","No","Yes","4290","2026 Core","Active","2027-09-03"
"Matthew Golden","Wr","GB","1.2","73","No","No","Yes","5640","2026 Core","Active","2027-09-03"
"Treylon Burks","Wr","WAS","1.1","30","No","No","Yes","3740","2026 Core","Active","2027-09-03"
"Chris Olave","Wr","NO","1.5","112","No","No","Yes","10050","2025 Core","Listed","2026-10-21"
